,slide_id,case_id,magnification,level_downsamples
0,TCGA-02-0003-01Z-00-DX3.995C2924-E298-4517-82A4-15806766CE31,TCGA-02-0003,40x,"(1.0, 4.000162444953629, 16.002635252681365)"
1,TCGA-02-0009-01Z-00-DX3.BAA1276B-E4D7-43D4-BDDF-807532462518,TCGA-02-0009,40x,"(1.0, 4.000134383359544, 16.00150157275857, 32.00300314551714)"
2,TCGA-02-0011-01Z-00-DX1.7CF44982-AE5A-47A5-8D07-E526522DC094,TCGA-02-0011,40x,"(1.0, 4.000073468188274, 16.000685736677116, 32.00137147335423)"
3,TCGA-02-0016-01Z-00-DX1.BDC4422F-DA4A-4239-B2CF-F19796446767,TCGA-02-0016,40x,"(1.0, 4.000173957234969, 16.00269592161413, 32.009682465311336)"
4,TCGA-02-0027-01Z-00-DX1.8F83A541-8884-45C8-BE51-04ADE5D8D6F2,TCGA-02-0027,40x,"(1.0, 4.00015031049991, 16.00258738117006, 32.00852954338757)"
5,TCGA-02-0034-01Z-00-DX3.5982B9BA-7F60-4A41-979A-5BF3C81CC74D,TCGA-02-0034,40x,"(1.0, 4.000111210279892, 16.00230971151435, 32.0046194230287)"
6,TCGA-02-0037-01Z-00-DX2.18F6DD22-94C4-4808-8957-213D4A101F83,TCGA-02-0037,40x,"(1.0, 4.000071718862061, 16.002694822460032, 32.00875151897026)"
7,TCGA-02-0038-01Z-00-DX1.5E369837-371E-4845-AD78-84BB48E1A082,TCGA-02-0038,40x,"(1.0, 4.000143830562101, 16.002360417067077, 32.004720834134154)"
8,TCGA-02-0047-01Z-00-DX1.4755D138-5842-4159-848C-4248D6D53DE0,TCGA-02-0047,40x,"(1.0, 4.000149610030963, 16.001693967853686, 32.009773620584426)"
9,TCGA-02-0048-01Z-00-DX1.ADB8ABD8-E1A1-4708-8ADF-0DE96AFADA27,TCGA-02-0048,40x,"(1.0, 4.00007938523356, 16.001703325559653, 32.003406651119306)"
10,TCGA-02-0052-01Z-00-DX1.93BA650B-4E71-43D8-9974-16185F906EB8,TCGA-02-0052,40x,"(1.0, 4.000044957290574, 16.001129085398937, 64.01971005168895)"
11,TCGA-02-0054-01Z-00-DX1.B8AFCEF2-4ED1-4329-854A-313AAECF3093,TCGA-02-0054,40x,"(1.0, 4.000169958942008, 16.001114069682735, 32.00600723912516)"
12,TCGA-02-0058-01Z-00-DX1.6A05C2EB-C782-4F55-A12D-0339747E9BD3,TCGA-02-0058,40x,"(1.0, 4.000059062093948, 16.000933020159003, 32.007441439646726)"
13,TCGA-02-0068-01Z-00-DX1.B1C4CAA6-6493-4AA1-9A48-B4336BB8D16A,TCGA-02-0068,40x,"(1.0, 4.000142056351507, 16.002344414512088, 32.00957964496881)"
14,TCGA-02-0069-01Z-00-DX1.A8BFC1F6-4C3F-4543-86CA-90BBBC627564,TCGA-02-0069,40x,"(1.0, 4.0001636513448595, 16.003273562893156, 32.01011930156021)"
15,TCGA-02-0070-01Z-00-DX1.5E0E6185-E40B-4BDB-A762-03399FBD7C12,TCGA-02-0070,40x,"(1.0, 4.000151217889691, 16.001609087167278, 32.00967239981085)"
16,TCGA-02-0071-01Z-00-DX1.B9C1B58E-7A88-4C92-9E4C-2961A710F9A4,TCGA-02-0071,40x,"(1.0, 4.000164371769875, 16.001534221525603, 32.00694858295656)"
17,TCGA-02-0074-01Z-00-DX1.41EA5863-D100-444D-AC5F-E2E5F5A22D20,TCGA-02-0074,40x,"(1.0, 4.000092956247017, 16.00063519730562, 32.00405985566672)"
18,TCGA-02-0075-01Z-00-DX1.2BFAAE68-2B16-4F00-B412-074E7073EBD3,TCGA-02-0075,40x,"(1.0, 4.000073468188274, 16.001884059025826, 32.00376811805165)"
19,TCGA-02-0079-01Z-00-DX1.846D3C54-C7BD-477F-A33A-D7641DD1CCEC,TCGA-02-0079,40x,"(1.0, 4.000111628204193, 16.00182166239098, 32.00693305202273)"
20,TCGA-02-0086-01Z-00-DX1.E43AA83C-3FD5-4807-A272-8C5415A9226A,TCGA-02-0086,40x,"(1.0, 4.00011811366346, 16.002759907088617, 32.00844215506942)"
21,TCGA-02-0099-01Z-00-DX1.E3BD2989-346F-4580-9E67-23BEEA35094E,TCGA-02-0099,40x,"(1.0, 4.000062753629251, 16.002126310264895, 32.00693131327506)"
22,TCGA-02-0115-01Z-00-DX1.9261988C-1002-4E99-8611-46C722FE49C5,TCGA-02-0115,40x,"(1.0, 4.000099068372172, 16.00216301008559, 32.01103224756085)"
23,TCGA-02-0258-01Z-00-DX2.83DFCB56-FA4A-4F9D-ADA3-CE0C15C81A92,TCGA-02-0258,40x,"(1.0, 4.000175920960688, 16.002587302544633, 32.005174605089266)"
24,TCGA-02-0266-01Z-00-DX2.067FCC66-A77D-4B5C-BF64-9347007B1A81,TCGA-02-0266,40x,"(1.0, 4.000157503245504, 16.00260787175612, 32.00521574351224)"
25,TCGA-02-0281-01Z-00-DX2.4B07E89B-F739-46F6-919C-CA9C716F039E,TCGA-02-0281,40x,"(1.0, 4.000170291758894, 16.00286311618474, 32.00864857326167)"
26,TCGA-02-0289-01Z-00-DX2.4C3CD7F5-C51B-4818-8E7F-7AF0D7A46685,TCGA-02-0289,40x,"(1.0, 4.0001710563674315, 16.003086276347737, 32.01128253627162)"
27,TCGA-02-0317-01Z-00-DX2.15FFEA24-40C1-42C8-AE60-9CD346EE171A,TCGA-02-0317,40x,"(1.0, 4.000102663269278, 16.001615759707953, 32.00994894171834)"
28,TCGA-02-0321-01Z-00-DX2.D25B4964-AF94-46A5-8035-C98A61D387C8,TCGA-02-0321,40x,"(1.0, 4.000105068670384, 16.00144576212068, 32.00847482639882)"
29,TCGA-02-0325-01Z-00-DX2.96FDB1EC-34F1-4E8D-A021-DD1A481AF127,TCGA-02-0325,40x,"(1.0, 4.000070050903657, 16.001949735297096, 32.00688925155046)"
30,TCGA-02-0326-01Z-00-DX2.BDF167EF-A9C3-4BCC-AF1E-F68C55149FF9,TCGA-02-0326,40x,"(1.0, 4.00007530498519, 16.003168376433095, 32.00955150028547)"
31,TCGA-02-0330-01Z-00-DX2.C51F90F7-86E4-4668-9F96-8CE20A30B3A9,TCGA-02-0330,40x,"(1.0, 4.0001397385379835, 16.00141968595017, 32.00880343280332)"
32,TCGA-02-0333-01Z-00-DX2.2163628B-0639-46D6-9587-060955EF1031,TCGA-02-0333,40x,"(1.0, 4.0000640888699, 16.001150217049364, 32.00945343508568)"
33,TCGA-02-0337-01Z-00-DX2.D9CB7383-D647-4B71-9127-D039A2C04B48,TCGA-02-0337,40x,"(1.0, 4.000125645448378, 16.002513252211926, 64.02078000288805)"
34,TCGA-02-0338-01Z-00-DX2.45827D5B-CF01-4AC9-BC51-EC3C521B1A1A,TCGA-02-0338,40x,"(1.0, 4.0001699709676055, 16.001053519224598, 32.00936142477873)"
35,TCGA-02-0339-01Z-00-DX2.540BCD7A-870E-469D-BC9D-FBB9E2FEBDB3,TCGA-02-0339,40x,"(1.0, 4.00012103238203, 16.00170679374487, 32.00687725935852)"
36,TCGA-02-0422-01Z-00-DX2.E354E17A-0E49-4BC7-A8B3-DB6CD1B936EE,TCGA-02-0422,40x,"(1.0, 4.000147016070805, 16.0019673208718, 32.0039346417436)"
37,TCGA-02-0432-01Z-00-DX1.83CB13A3-6ADD-4015-94BA-AA6A759F2F8F,TCGA-02-0432,40x,"(1.0, 4.000086063457456, 16.001318636126626, 32.01043471263715)"
38,TCGA-02-0439-01Z-00-DX3.4F0C70A8-08DE-41F0-AE10-160F250D5783,TCGA-02-0439,40x,"(1.0, 4.000073468188274, 16.000685736677116, 32.00137147335423)"
39,TCGA-02-0440-01Z-00-DX2.713DD2B7-CCCB-4E75-B51C-92790BFFB035,TCGA-02-0440,40x,"(1.0, 4.000065482167024, 16.00283459251609, 32.00973706748141)"
40,TCGA-02-0446-01Z-00-DX2.DDC76DDC-183C-4B49-8F30-E7945BFDB0BD,TCGA-02-0446,40x,"(1.0, 4.000146961330247, 16.00086014634936, 32.00389907170597)"
41,TCGA-02-0451-01Z-00-DX3.D714D6E1-B97F-41CA-A836-3334EA1B31A5,TCGA-02-0451,40x,"(1.0, 4.000092063772552, 16.00226685443713, 32.00453370887426)"
42,TCGA-06-5408-01Z-00-DX1.4c572122-e7f8-488b-aad1-089301ba2a84,TCGA-06-5408,40x,"(1.0, 4.000047931745195, 16.004516885053796, 32.012102946280166)"
43,TCGA-06-5410-01Z-00-DX1.6fca0716-7c1d-4545-bdde-9cdb3aa6aa5f,TCGA-06-5410,40x,"(1.0, 4.000038611529403, 16.004136237885902, 32.008272475771804)"
44,TCGA-06-5411-01Z-00-DX1.08bf7f79-7346-4b1b-b8a7-e24abf11e848,TCGA-06-5411,40x,"(1.0, 4.000151144233731, 16.00331619524068, 32.01484495415241)"
45,TCGA-06-5412-01Z-00-DX1.039632bd-2493-4a78-839c-3734eae662f8,TCGA-06-5412,40x,"(1.0, 4.000134618443958, 16.00269273452834, 32.008526997141246)"
46,TCGA-06-5413-01Z-00-DX1.6c5e8a47-c2d0-4873-9b32-36857c5f67ac,TCGA-06-5413,40x,"(1.0, 4.000105777028706, 16.00251304049852, 32.00761764625241)"
47,TCGA-06-5414-01Z-00-DX1.9b71e393-8801-480b-90a0-ee533ed24b0c,TCGA-06-5414,40x,"(1.0, 4.000061932287366, 16.00245280081429, 32.01343253852582)"
48,TCGA-06-5415-01Z-00-DX1.182e6c05-1ead-480f-8ffb-deca12aacbd2,TCGA-06-5415,40x,"(1.0, 4.000090268747735, 16.002866672123098, 32.00880252041876)"
49,TCGA-06-5416-01Z-00-DX1.43924d9a-373d-4c69-bc85-4d0d0f26fc14,TCGA-06-5416,40x,"(1.0, 4.0, 16.001915708812263, 32.00637352121524)"
50,TCGA-06-5417-01Z-00-DX1.bf70952e-fdb5-4d0a-b0c1-2823e908f599,TCGA-06-5417,40x,"(1.0, 4.000132345143959, 16.00358768725665, 32.01784476304553)"
51,TCGA-06-5418-01Z-00-DX1.8c45ebb4-528d-4d2d-bde0-05266b51f06c,TCGA-06-5418,40x,"(1.0, 4.000191528388852, 16.00254167184019, 32.01219030743662)"
52,TCGA-06-5856-01Z-00-DX1.9ba8a585-af7f-48b6-8724-ad0f439f4e17,TCGA-06-5856,40x,"(1.0, 4.000283232628399, 16.001132930513595)"
53,TCGA-06-5858-01Z-00-DX1.d964971f-f75f-478a-bc85-10a510bd2835,TCGA-06-5858,40x,"(1.0, 4.000036579120637, 16.00366203886836, 32.01905857979381)"
54,TCGA-06-5859-01Z-00-DX1.ab40e405-f25a-4fd2-95a2-ed86f8a2007f,TCGA-06-5859,40x,"(1.0, 4.000061932287366, 16.00259102147518, 32.017206416189424)"
55,TCGA-06-6388-01Z-00-DX1.14c09c5f-3ea4-4e1e-a5e6-308325383165,TCGA-06-6388,40x,"(1.0, 4.0, 16.001245812026937, 32.00881112255808)"
56,TCGA-06-6389-01Z-00-DX1.ca78be78-49a5-4b56-9482-16ec5350bb40,TCGA-06-6389,40x,"(1.0, 4.000078649328859, 16.000314597315437, 32.00317129822159)"
57,TCGA-06-6390-01Z-00-DX1.b5ab515a-7b50-4e73-a999-f581232b005a,TCGA-06-6390,40x,"(1.0, 4.000228270359437, 16.00583992557117)"
58,TCGA-06-6391-01Z-00-DX1.b5200991-137b-49e9-965c-0d8465e0d63e,TCGA-06-6391,40x,"(1.0, 4.0, 16.00091407678245, 32.00678171393642)"
59,TCGA-08-0244-01Z-00-DX1.37361959-E91D-4B2F-8AB5-A4ED4AEC3A6E,TCGA-08-0244,40x,"(1.0, 4.000241118791191, 16.002250803858523)"
60,TCGA-08-0245-01Z-00-DX1.CFCAFA75-E128-47D9-9F16-43A175738145,TCGA-08-0245,40x,"(1.0, 4.000097618117923, 16.001431918771154, 64.02082782769557)"
61,TCGA-08-0246-01Z-00-DX1.F6215D43-42E5-41B6-AD72-FBC7E2A19D79,TCGA-08-0246,40x,"(1.0, 4.000072836748568, 16.001068376068375, 64.01416225581863)"
62,TCGA-08-0344-01Z-00-DX1.CBE3342B-101B-4610-809A-394AAA7ED421,TCGA-08-0344,40x,"(1.0, 4.000055102490633, 16.00022040996253, 32.00396825396825)"
63,TCGA-08-0345-01Z-00-DX1.DEC032EE-E0D3-4F8A-9008-063BDC17DFBF,TCGA-08-0345,40x,"(1.0, 4.0, 16.00185749242395, 32.0107891526486)"
64,TCGA-08-0346-01Z-00-DX1.DE612CE5-B30C-4E30-9D17-203CE32D364F,TCGA-08-0346,40x,"(1.0, 4.000034202065805, 16.001778872468527, 32.003557744937055)"
65,TCGA-08-0347-01Z-00-DX1.CA3BDEAA-1F85-43A9-99D8-9FB7ED6BCDBD,TCGA-08-0347,40x,"(1.0, 4.00008565555048, 16.00097264267758, 32.00446596274032)"
66,TCGA-08-0348-01Z-00-DX1.8AA2259D-4BC5-4256-9A66-9D07835EB3B8,TCGA-08-0348,40x,"(1.0, 4.000407276676622, 8.00190114068441)"
67,TCGA-08-0349-01Z-00-DX1.3D53FE9F-E4E6-4D73-A339-CCF9CDD81288,TCGA-08-0349,40x,"(1.0, 4.00008290499088, 16.001658374792704, 64.04607405287481)"
68,TCGA-08-0350-01Z-00-DX1.60549F68-E548-4634-8851-B24818FDFA40,TCGA-08-0350,40x,"(1.0, 4.0, 16.001095690284878, 32.002191380569755)"
69,TCGA-08-0351-01Z-00-DX1.F5C2AE7A-1BD1-407A-B615-AA2EE331483E,TCGA-08-0351,40x,"(1.0, 4.000032289312237, 16.000645827951434, 64.03087807324738)"
70,TCGA-08-0353-01Z-00-DX1.C29C6177-3C62-4399-A030-C936156E79D2,TCGA-08-0353,40x,"(1.0, 4.0, 16.001289490651192, 64.019599269863)"
71,TCGA-08-0354-01Z-00-DX1.577F7E82-1CDD-4639-9079-AC24FCE94BF7,TCGA-08-0354,40x,"(1.0, 4.0, 16.000682593856656, 64.02459016393442)"
72,TCGA-08-0355-01Z-00-DX1.07707D65-4EBF-437E-A53D-F779F0AEF7F3,TCGA-08-0355,40x,"(1.0, 4.000090448625181, 16.000361794500723, 32.000723589001446)"
73,TCGA-08-0356-01Z-00-DX1.8E74B4EF-3D96-43F6-BAD5-4A33C9B21B6E,TCGA-08-0356,40x,"(1.0, 4.000046654847439, 16.00093318402389, 64.01915707569793)"
74,TCGA-08-0357-01Z-00-DX1.F0E652B4-DE1D-41AA-A531-FEBC41C62D4F,TCGA-08-0357,40x,"(1.0, 4.0000245218244235, 16.00088287227781, 64.01328534687198)"
75,TCGA-08-0359-01Z-00-DX1.FBED91D4-4D46-4354-ABCF-3D2EBDA42C6D,TCGA-08-0359,40x,"(1.0, 4.000077140653124, 16.00130421391626, 32.008238207045295)"
76,TCGA-08-0360-01Z-00-DX1.CE8208FA-E2FA-44C9-9EA7-9DE5278BD217,TCGA-08-0360,40x,"(1.0, 4.0, 16.001040700869794, 64.03002878745895)"
77,TCGA-08-0373-01Z-00-DX1.F955B61E-5BE6-4084-A0CB-5C566999570B,TCGA-08-0373,40x,"(1.0, 4.000120987256009, 16.002522010589338, 32.01319960512641)"
78,TCGA-08-0375-01Z-00-DX1.76B7554F-0C77-4E2B-A1F7-633E896FB5E3,TCGA-08-0375,40x,"(1.0, 4.0, 16.001372212692967)"
79,TCGA-08-0380-01Z-00-DX1.256C9EAF-9CB6-4ED6-BBCE-CC47C59C02CE,TCGA-08-0380,40x,"(1.0, 4.00002483484826, 16.001041309792402, 32.00744126479421)"
80,TCGA-08-0385-01Z-00-DX1.04C20116-FB88-429D-B6A2-77CF029676F5,TCGA-08-0385,40x,"(1.0, 4.000025497195308, 16.000917992656056, 32.00405205179411)"
81,TCGA-08-0386-01Z-00-DX1.F3BE4054-6C0D-4E04-B9F7-8662AADDC8DF,TCGA-08-0386,40x,"(1.0, 4.000187828700225, 16.002755511022045)"
82,TCGA-08-0389-01Z-00-DX1.F833FAB6-9A7B-4BBB-BF0B-3D4F18DBB8A2,TCGA-08-0389,40x,"(1.0, 4.000083532884112, 16.000779683671198, 32.00750502115861)"
83,TCGA-08-0390-01Z-00-DX1.01310651-CD52-4244-8C13-44001BBAC17E,TCGA-08-0390,40x,"(1.0, 4.000057693417181, 16.00113250179591, 64.0119175347561)"
84,TCGA-08-0392-01Z-00-DX1.BB310D33-3C69-4C1B-BF5C-F0E7E025CF74,TCGA-08-0392,40x,"(1.0, 4.000049957536094, 16.000599520383695, 32.00119904076739)"
85,TCGA-08-0509-01Z-00-DX1.712969EE-F3D2-444C-9A81-179724D6DFDA,TCGA-08-0509,40x,"(1.0, 4.000096581031485, 16.00382235298586)"
86,TCGA-08-0510-01Z-00-DX1.7F32D156-A8BA-40B9-81EB-8BBCEBDB7B4F,TCGA-08-0510,40x,"(1.0, 4.000108554059922, 8.000217108119845)"
87,TCGA-08-0511-01Z-00-DX1.D3DD762E-5B8C-47BB-8E12-1C4076BE21D3,TCGA-08-0511,40x,"(1.0, 4.000023971617605, 16.000863060989644, 32.00172612197929)"
88,TCGA-08-0512-01Z-00-DX1.97698A4E-598B-4D16-94B9-F09CB8AB2D9A,TCGA-08-0512,40x,"(1.0, 4.000157612693076, 16.00147120638924)"
89,TCGA-08-0514-01Z-00-DX1.E8426FFE-1EEE-42CA-81CE-F1118490AF64,TCGA-08-0514,40x,"(1.0, 4.000026093309675, 16.001545701518964, 32.00309140303793)"
90,TCGA-08-0516-01Z-00-DX1.B384463F-9206-424F-B829-600FB602722C,TCGA-08-0516,40x,"(1.0, 4.0, 16.00035906642729, 64.01969636217832)"
91,TCGA-08-0531-01Z-00-DX1.94295471-3786-4561-9AE7-4643A4C14DF4,TCGA-08-0531,40x,"(1.0, 4.000130901474823, 16.0026187150838)"
92,TCGA-12-0619-01Z-00-DX1.5dbe8a66-9996-4f86-881e-025614e0bd9f,TCGA-12-0619,40x,"(1.0, 4.000101200917555, 16.002818110127336)"
93,TCGA-15-0742-01Z-00-DX2.9887D468-E71E-4A1D-AC13-EED57D2BD20A,TCGA-15-0742,40x,"(1.0, 4.0, 16.001638311339544, 32.0058384671579)"
94,TCGA-15-1444-01Z-00-DX1.FF2FF962-40EA-4122-B33A-5BF4ED007761,TCGA-15-1444,40x,"(1.0, 4.0, 16.0, 32.0032693093584)"
95,TCGA-15-1444-01Z-00-DX2.76CD1F22-4894-4390-ADCC-BC88CB42FD96,TCGA-15-1444,40x,"(1.0, 4.000043626210627, 16.001393772987477, 32.004872644013176)"
96,TCGA-15-1446-01Z-00-DX2.2BBD436C-A472-4B8F-8C15-F5692B05E30B,TCGA-15-1446,40x,"(1.0, 4.000025589845949, 16.001971183678403, 32.00650421183562)"
97,TCGA-15-1447-01Z-00-DX2.B37BDCDA-F6E7-45F3-9208-3E79DCED70F3,TCGA-15-1447,40x,"(1.0, 4.000100725221595, 16.00040290088638, 32.00510478237507)"
98,TCGA-15-1449-01Z-00-DX2.359C5184-E5FD-4131-99D7-9F13DFC11B04,TCGA-15-1449,40x,"(1.0, 4.0000718700589335, 16.001437607820584, 32.00523440172198)"
99,TCGA-15-1449-01Z-00-DX3.40E1E7B7-68DC-4841-86D6-E8DFA9B6959D,TCGA-15-1449,40x,"(1.0, 4.00004835589942, 16.00019342359768, 32.002666049474556)"
100,TCGA-19-0955-01Z-00-DX1.b37ceacd-c458-4f1f-a322-6942731e7953,TCGA-19-0955,40x,"(1.0, 4.000056423856006, 16.00158013544018, 32.00316027088036)"
101,TCGA-19-0957-01Z-00-DX1.8d965dd2-33a9-4ece-b902-0c4152cb63e8,TCGA-19-0957,40x,"(1.0, 4.000056423856006, 16.00158013544018, 32.00622071464471)"
102,TCGA-19-0960-01Z-00-DX1.b7c197ae-a66a-4b6f-8598-530dc5a0cc81,TCGA-19-0960,40x,"(1.0, 4.0000181303937925, 16.002825473725117, 32.014348961289585)"
103,TCGA-19-0962-01Z-00-DX1.5e07aacc-4c4e-454f-8779-b35e654641e3,TCGA-19-0962,40x,"(1.0, 4.000056423856006, 16.00158013544018, 32.005954542623286)"
104,TCGA-19-0964-01Z-00-DX1.ecb3c396-699c-4101-8d04-50ce133c5ff5,TCGA-19-0964,40x,"(1.0, 4.000056731151075, 16.00245717510307, 32.00491435020614)"
105,TCGA-19-1385-01Z-00-DX1.08e05d7e-2687-4bf3-8955-2ed4ccb62567,TCGA-19-1385,40x,"(1.0, 4.000033674568965, 16.00013469827586, 32.00332984031607)"
106,TCGA-19-1386-01Z-00-DX1.07c678e9-131c-4548-a70f-bcff22967210,TCGA-19-1386,40x,"(1.0, 4.0, 16.002633889376646)"
107,TCGA-19-1387-01Z-00-DX1.fd111d54-f1da-4ab9-8104-1f73c72808a8,TCGA-19-1387,40x,"(1.0, 4.000056423856006, 16.002327379975952, 32.007644575813096)"
108,TCGA-19-1390-01Z-00-DX1.43babbc9-2f65-46c8-b61f-27b1e533816a,TCGA-19-1390,40x,"(1.0, 4.000130191381331, 16.004034687886282)"
109,TCGA-19-1392-01Z-00-DX1.b24efa0b-9f82-4e95-8401-0523059ba63c,TCGA-19-1392,40x,"(1.0, 4.000056423856006, 16.00216433289892, 32.00666596763759)"
110,TCGA-19-1786-01Z-00-DX1.aadf9681-c45a-4c27-a6ec-ae122251ebc7,TCGA-19-1786,40x,"(1.0, 4.000043440486533, 16.001564129301357)"
111,TCGA-19-1787-01Z-00-DX1.3eb5b463-8b2f-458f-b1e1-df6ecf20ef26,TCGA-19-1787,40x,"(1.0, 4.000373195436562, 16.003967315493277, 32.020004974166426)"
112,TCGA-19-1788-01Z-00-DX1.99757d26-ef91-46a8-a456-6dea4ff99732,TCGA-19-1788,40x,"(1.0, 4.000390802164162, 8.001531334859347)"
113,TCGA-19-1789-01Z-00-DX1.3cfc05c7-bd43-49ed-b182-e49d4da108ec,TCGA-19-1789,40x,"(1.0, 4.000337777377931, 16.004195878656144)"
114,TCGA-19-1790-01Z-00-DX1.f3a28d6f-80ed-4327-ba1e-317dc76ab693,TCGA-19-1790,40x,"(1.0, 4.000069245683686, 16.00121911455011, 64.0226170695023)"
115,TCGA-19-1791-01Z-00-DX1.8499e6d2-4827-435e-9d52-7f6f9bb29c41,TCGA-19-1791,40x,"(1.0, 4.000128069541188, 16.00256173731173, 32.007209235169185)"
116,TCGA-19-2619-01Z-00-DX1.ed7e1a51-2352-4162-81f2-4a3b3bdab22c,TCGA-19-2619,40x,"(1.0, 4.000106597561741, 16.00164191243134, 32.00618585845655)"
117,TCGA-19-2620-01Z-00-DX1.b52311cf-5861-4653-9d87-bcc3389874ef,TCGA-19-2620,40x,"(1.0, 4.000161073548368, 16.00180825504759, 32.018037376662996)"
118,TCGA-19-2621-01Z-00-DX1.bfcead70-24b9-469b-bcfa-ccaf128b7486,TCGA-19-2621,40x,"(1.0, 4.000181757297151, 16.002398030097638, 32.004796060195275)"
119,TCGA-19-2623-01Z-00-DX1.303097dd-33f1-4f95-990f-306ca2474b00,TCGA-19-2623,40x,"(1.0, 4.000091779698913, 16.00410668275652, 64.03282699375765)"
120,TCGA-19-2624-01Z-00-DX1.c01c3780-3e33-4068-8ce4-c67db1cccacb,TCGA-19-2624,40x,"(1.0, 4.000073221908222, 16.00300789651329, 32.00601579302658)"
121,TCGA-19-2625-01Z-00-DX1.812ac6a5-2d50-43eb-980c-d3d28e33129c,TCGA-19-2625,40x,"(1.0, 4.000126807414938, 16.002924108412653, 32.01296539805026)"
122,TCGA-19-2629-01Z-00-DX1.90082b7f-f716-402f-9213-bbf3d7b74298,TCGA-19-2629,40x,"(1.0, 4.0000587337013975, 16.001174812030076, 32.01189616343963)"
123,TCGA-19-2631-01Z-00-DX1.cfe16b12-cd2e-4c77-927d-fa3c7ff54e11,TCGA-19-2631,40x,"(1.0, 4.000089413447783, 16.00035765379113, 32.00071530758226)"
124,TCGA-19-4065-01Z-00-DX1.ae849f85-f1b0-4979-82c0-eb22c61d2acb,TCGA-19-4065,40x,"(1.0, 4.0, 16.002552648372685, 32.01784376933347)"
125,TCGA-19-4068-01Z-00-DX1.923018f2-10fd-4191-a9f8-e098495f2377,TCGA-19-4068,40x,"(1.0, 4.000053462594005, 16.003178171453477, 32.01708379487674)"
126,TCGA-19-5947-01Z-00-DX1.8f5a42c0-87d5-4c73-9dcb-f054c5a7a96f,TCGA-19-5947,40x,"(1.0, 4.000058783341146, 16.00098656905663, 64.03103281080068)"
127,TCGA-19-5950-01Z-00-DX1.4ee3aa4f-8cd7-4acd-b6e3-2829adf8da7a,TCGA-19-5950,40x,"(1.0, 4.00011390747275, 16.001193190212405, 32.00516726612756)"
128,TCGA-19-5951-01Z-00-DX1.a0b16abe-6c89-4fc1-95c5-56757360896b,TCGA-19-5951,40x,"(1.0, 4.0000741449929365, 16.00108106674343, 64.02316488059483)"
129,TCGA-19-5952-01Z-00-DX1.286b1d55-5634-4a8a-a8f1-08bbfc861dbd,TCGA-19-5952,40x,"(1.0, 4.000023610520849, 16.000705523279677, 64.01864972670253)"
130,TCGA-19-5953-01Z-00-DX1.c069ba1e-7819-4e22-b1cd-c431b93b1eb8,TCGA-19-5953,40x,"(1.0, 4.000097478863274, 16.001572380844777, 64.00628952337911)"
131,TCGA-19-5954-01Z-00-DX1.b2e11be4-3f71-4d05-9405-c41dee3fc5b5,TCGA-19-5954,40x,"(1.0, 4.000105143144269, 16.001734448507328, 64.01578770835555)"
132,TCGA-19-5955-01Z-00-DX1.ef448923-881d-47cd-89fd-261f0a1c7f49,TCGA-19-5955,40x,"(1.0, 4.000101903651373, 16.00107937075653, 64.00431748302611)"
133,TCGA-19-5956-01Z-00-DX1.f50d2a6f-1937-48ac-b198-e6d70870c75c,TCGA-19-5956,40x,"(1.0, 4.000053106744557, 16.001637456229254, 64.03616734380749)"
134,TCGA-19-5958-01Z-00-DX1.1eab6caf-602c-4000-9683-c44a925ec0a5,TCGA-19-5958,40x,"(1.0, 4.000063938918318, 16.001063605129996, 64.00425442051998)"
135,TCGA-19-5959-01Z-00-DX1.86907dc7-c0ce-48e6-b67c-a3134f8b4aa2,TCGA-19-5959,40x,"(1.0, 4.000058939157209, 16.000797953779987, 64.03019116528216)"
136,TCGA-19-5960-01Z-00-DX1.3376dcf2-9873-445e-83a9-95c5b208efc7,TCGA-19-5960,40x,"(1.0, 4.000086241632209, 16.0013079277683, 64.01730860622845)"
137,TCGA-19-A60I-01Z-00-DX5.05096091-8734-43DC-A096-51D5DC818831,TCGA-19-A60I,40x,"(1.0, 4.0, 16.00142551674982)"
138,TCGA-19-A60I-01Z-00-DX3.B8805D4C-34B8-4DA2-92F2-E10622A41985,TCGA-19-A60I,40x,"(1.0, 4.000089190153407, 16.000356760613627)"
139,TCGA-19-A60I-01Z-00-DX1.3893212E-986C-449D-B0EC-C90D2DD907E2,TCGA-19-A60I,40x,"(1.0, 4.000084537999831, 16.00238675445827)"
140,TCGA-19-A60I-01Z-00-DX2.97CE9B76-600C-4C46-BFEC-E94E013A4BC1,TCGA-19-A60I,40x,"(1.0, 4.000044428647592, 16.002868348654005)"
141,TCGA-19-A60I-01Z-00-DX4.A81931DB-A626-451B-A2F8-43C2FB4A1B64,TCGA-19-A60I,40x,"(1.0, 4.000129971406291, 16.002531563139414)"
142,TCGA-19-A60I-01Z-00-DX6.B8858C6F-BE89-4009-9CCD-57426ABF99FB,TCGA-19-A60I,40x,"(1.0, 4.000081413335504, 16.00365234298613)"
143,TCGA-19-A6J4-01Z-00-DX1.515A82A7-8BCE-4BAE-B052-9D5B114EF51A,TCGA-19-A6J4,40x,"(1.0, 4.000095993947092, 16.00222675187169, 32.006906950497935)"
144,TCGA-19-A6J5-01Z-00-DX5.2E64593D-D277-44C5-9914-E632F53C1710,TCGA-19-A6J5,40x,"(1.0, 4.000089643219985, 16.000836720057375, 64.03308111716925)"
145,TCGA-19-A6J5-01Z-00-DX1.2667B32C-FDF4-4197-BD32-56D6124BD01C,TCGA-19-A6J5,40x,"(1.0, 4.0, 16.0, 64.02365334984968)"
146,TCGA-19-A6J5-01Z-00-DX2.6F777294-333F-45F7-8C1D-0D26F4FEC68A,TCGA-19-A6J5,40x,"(1.0, 4.00002623845508, 16.00058451262622, 64.00617521096473)"
147,TCGA-19-A6J5-01Z-00-DX3.66B63DB8-E2AE-4328-BFAA-96B737CBFDBC,TCGA-19-A6J5,40x,"(1.0, 4.0, 16.001192769570654, 64.0238631492104)"
148,TCGA-19-A6J5-01Z-00-DX4.D9D061F9-C4AD-45CB-B065-E6421E40C911,TCGA-19-A6J5,40x,"(1.0, 4.0, 16.000480653689017, 64.01717682128836)"
149,TCGA-26-1438-01Z-00-DX1.3F76BFFC-4C10-40C4-98AE-15F24A8D5548,TCGA-26-1438,40x,"(1.0, 4.000088736981612, 16.00198566361523, 32.00697697443701)"
150,TCGA-26-1439-01Z-00-DX1.40B8D763-FE89-43D7-BFBF-8CA3FAC05A5B,TCGA-26-1439,40x,"(1.0, 4.000024725546435, 16.001191276509353, 32.007957718191264)"
151,TCGA-26-1440-01Z-00-DX1.A60DA9D7-1F44-4802-82EB-9572D951B7EE,TCGA-26-1440,40x,"(1.0, 4.000025627226366, 16.000307534597642, 64.01107465135357)"
152,TCGA-26-1442-01Z-00-DX1.FD8D4EB7-AD5E-49E8-BD0B-6CDDEA8DDB35,TCGA-26-1442,40x,"(1.0, 4.00003683777088, 16.001150378624132, 64.01304650379018)"
153,TCGA-26-1443-01Z-00-DX1.DB550D00-B4C0-4CE8-BF85-5877FF292C61,TCGA-26-1443,40x,"(1.0, 4.000066580265309, 16.00171036824029, 64.02262737262737)"
154,TCGA-26-1799-01Z-00-DX1.630B7217-0B01-4CDD-8ABF-0EC4CF293476,TCGA-26-1799,40x,"(1.0, 4.000068895683755, 16.00165197944193, 32.00549590856987)"
155,TCGA-26-5132-01Z-00-DX1.390D6188-C9C6-4DD2-8CCE-A43444F28EE5,TCGA-26-5132,40x,"(1.0, 4.000070971547588, 16.00103776749907, 32.00714096467316)"
156,TCGA-26-5133-01Z-00-DX1.DE65E680-153B-4A6F-991B-6CCC58F39CF1,TCGA-26-5133,40x,"(1.0, 4.0000342333154215, 16.001056599815698, 64.02457739561342)"
157,TCGA-26-5134-01Z-00-DX1.0498BB2B-7FA9-4DA8-8308-0AE4CBE3F8CB,TCGA-26-5134,40x,"(1.0, 4.0000504388177145, 16.001837492959726, 32.00588515956996)"
158,TCGA-26-5135-01Z-00-DX1.928F0E13-33FE-4669-9DCE-A53654D99764,TCGA-26-5135,40x,"(1.0, 4.000077554749642, 16.002640410351532, 32.01149685718568)"
159,TCGA-26-5136-01Z-00-DX1.ECD48B1B-C2BF-4DFE-8ED4-87353E00ED84,TCGA-26-5136,40x,"(1.0, 4.000027367268746, 16.00098532953799, 64.03652210093928)"
160,TCGA-26-5139-01Z-00-DX1.0113F34B-C27D-4793-8790-CE3EEB193DF9,TCGA-26-5139,40x,"(1.0, 4.000131085729677, 16.002622065934887, 32.008458879289044)"
161,TCGA-26-6173-01Z-00-DX1.A612A5EC-A048-4A8F-AE2D-5A07C8B030D1,TCGA-26-6173,40x,"(1.0, 4.000098534877056, 16.000915125472506, 32.008138569274884)"
162,TCGA-26-6174-01Z-00-DX1.D5C87A05-8A2E-4108-99DA-1B8425D99C42,TCGA-26-6174,40x,"(1.0, 4.000079525325701, 16.001720666820532, 32.00614223991661)"
163,TCGA-26-A7UX-01Z-00-DX1.C84437DC-E699-41A2-8D4F-722389C3D8ED,TCGA-26-A7UX,40x,"(1.0, 4.0000656765829685, 16.00153422663239, 64.0366724243951)"
164,TCGA-27-2518-01Z-00-DX1.148935FE-8C0A-4168-9D62-6AFF31DB75CE,TCGA-27-2518,40x,"(1.0, 4.000101772557944, 16.002403687845344, 32.007752273721046)"
165,TCGA-27-2519-01Z-00-DX1.C630FE42-2691-4735-83EB-6F78AAA407B3,TCGA-27-2519,40x,"(1.0, 4.000104717940179, 16.001829806728992, 32.00910364145658)"
166,TCGA-27-2521-01Z-00-DX1.31BCEBD8-3A69-4560-8077-40AF5BA0B955,TCGA-27-2521,40x,"(1.0, 4.000061472890455, 16.001728060603384, 32.00345612120677)"
167,TCGA-27-2523-01Z-00-DX1.5DD91AEC-7050-4DDC-8B59-57006E7B9006,TCGA-27-2523,40x,"(1.0, 4.000057926240586, 16.001158659045267, 32.00478986402967)"
168,TCGA-27-2524-01Z-00-DX1.248D3383-FA61-4384-8161-0CB9B10F7677,TCGA-27-2524,40x,"(1.0, 4.0001014407600115, 16.00166368456876, 32.00625047763047)"
169,TCGA-27-2526-01Z-00-DX1.92886024-EADC-46F8-8999-6D80664AC232,TCGA-27-2526,40x,"(1.0, 4.000073250370866, 16.00132032485942, 32.00264064971884)"
170,TCGA-27-2527-01Z-00-DX1.96AA7382-AB8F-411E-BEED-0D00C12ACEA1,TCGA-27-2527,40x,"(1.0, 4.000120183731651, 16.00203987326391, 32.00407974652782)"
171,TCGA-27-2528-01Z-00-DX1.8160EE21-D3C3-4FFF-8BB6-979235C1F963,TCGA-27-2528,40x,"(1.0, 4.000084110939197, 16.001052269920216, 32.00462519241381)"
172,TCGA-41-2571-01Z-00-DX1.d0a404d6-6cd0-42ab-b7c7-a9c35b9efbb9,TCGA-41-2571,40x,"(1.0, 4.0000877536200194, 16.001271671258362, 64.03069679799849)"
173,TCGA-41-2572-01Z-00-DX1.a89d5edf-1466-40b8-929f-d8b5554f31b8,TCGA-41-2572,40x,"(1.0, 4.0000589935697, 16.00550320348613, 32.014784335259485)"
174,TCGA-41-2573-01Z-00-DX1.aaa4085e-c7e0-4c03-8033-780f407b0d11,TCGA-41-2573,40x,"(1.0, 4.000134750087735, 16.001040705363057, 32.00783233831278)"
175,TCGA-41-2575-01Z-00-DX1.cdce8f65-3ac2-4e03-a655-9176ea272f7e,TCGA-41-2575,40x,"(1.0, 4.000090345448572, 16.000825748875975, 32.00798453778275)"
176,TCGA-41-3392-01Z-00-DX1.2d3dba82-f1cb-4589-bad1-f27ca388049b,TCGA-41-3392,40x,"(1.0, 4.000244719040676, 16.00358979935711, 32.01762841514244)"
177,TCGA-41-3393-01Z-00-DX1.f3a44b0d-dad5-4e0a-ac85-fe2ac191ee47,TCGA-41-3393,40x,"(1.0, 4.000025367833587, 16.000913334686423, 32.00507511165246)"
178,TCGA-41-3915-01Z-00-DX1.0f98e7eb-cdb0-49c2-967c-242268cfbd33,TCGA-41-3915,40x,"(1.0, 4.000050854353132, 16.000768229612476, 32.00605655233919)"
179,TCGA-41-4097-01Z-00-DX1.9d34ecf6-35db-4b8f-b7f8-f5ae4183a49c,TCGA-41-4097,40x,"(1.0, 4.000373560950753, 16.006047243105417, 32.012094486210835)"
180,TCGA-41-5651-01Z-00-DX1.84aa5ff7-d54c-43d7-8f03-c9012d303926,TCGA-41-5651,40x,"(1.0, 4.00001418359242, 16.001594801531947, 64.01821734930223)"
181,TCGA-4W-AA9R-01Z-00-DX1.841135BA-8CAA-4666-A7EA-00FA992D6DFE,TCGA-4W-AA9R,40x,"(1.0, 4.00016043612789, 16.00249599283383)"
182,TCGA-4W-AA9S-01Z-00-DX1.97DA6C9F-ACD3-4A7B-894D-5EA4A4F4E5B3,TCGA-4W-AA9S,40x,"(1.0, 4.000085144218909, 16.00109671519253, 32.0058185170418)"
183,TCGA-4W-AA9T-01Z-00-DX1.A59F28A0-EE7F-44DE-931F-36E59C9F1A45,TCGA-4W-AA9T,40x,"(1.0, 4.0001371651107895, 16.00073331879622, 64.02055272051793)"
184,TCGA-81-5910-01Z-00-DX1.c823aaad-81c4-4fa6-8aa9-3b447eed912c,TCGA-81-5910,40x,"(1.0, 4.000023657440265, 16.001503809718578, 32.006037240929594)"
185,TCGA-81-5911-01Z-00-DX1.343731a3-b399-461e-aa3e-7b22e583a061,TCGA-81-5911,40x,"(1.0, 4.000036794466112, 16.004020015729132, 64.07815696485028)"
186,TCGA-87-5896-01Z-00-DX1.abb74502-c77b-43b6-8897-9f42ccaca6c6,TCGA-87-5896,40x,"(1.0, 4.000174788944955, 16.005706891611148, 32.02220135344383)"
187,TCGA-OX-A56R-01Z-00-DX1.6AC88CAE-73F3-4ECF-AE06-E347574EB6E8,TCGA-OX-A56R,40x,"(1.0, 4.00005002167606, 16.001676209293606, 32.00335241858721)"
188,TCGA-RR-A6KA-01Z-00-DX1.245ECFED-99ED-4A67-83FB-D194BFA2320C,TCGA-RR-A6KA,40x,"(1.0, 4.000170288032389, 16.00194970134855, 32.0038994026971)"
189,TCGA-RR-A6KB-01Z-00-DX1.90E22C0F-CA68-4EEB-BB13-2DD67C895A94,TCGA-RR-A6KB,40x,"(1.0, 4.000097720130591, 16.001516995486057, 64.0344324473842)"
190,TCGA-RR-A6KC-01Z-00-DX1.1D8F656F-9A5D-4143-847F-DD47B79E15E4,TCGA-RR-A6KC,40x,"(1.0, 4.000089902459138, 16.001798236207193, 32.00627516515965)"
191,TCGA-CS-4938-01Z-00-DX1.6660D726-8524-424A-B6E8-D97FFD9BCE01,TCGA-CS-4938,40x,"(1.0, 4.00005319424818, 16.00148742924302, 32.006363656785176)"
192,TCGA-CS-4941-01Z-00-DX1.56ac541d-9b1a-477b-af9c-0cc2cf7ff8d2,TCGA-CS-4941,40x,"(1.0, 4.000345845678998, 16.005936382018398)"
193,TCGA-CS-4942-01Z-00-DX1.67f7928e-e1d9-473b-a317-7c6b4ba7433f,TCGA-CS-4942,40x,"(1.0, 4.000272436022848, 16.0048691901433)"
194,TCGA-CS-4943-01Z-00-DX1.42332d6f-e16e-40ae-a629-69c537d79465,TCGA-CS-4943,40x,"(1.0, 4.000127075567605, 16.00050830227042, 64.03820658165031)"
195,TCGA-CS-4944-01Z-00-DX1.9AD74191-4445-4E77-BD62-B09363C8BB2A,TCGA-CS-4944,40x,"(1.0, 4.000054320152502, 16.00225908926827, 32.00451817853654)"
196,TCGA-CS-5390-01Z-00-DX1.3C241E8A-D2E7-4C8D-ABDF-60391D8A32AD,TCGA-CS-5390,40x,"(1.0, 4.000014787212018, 16.00132192025237, 64.02550311895365)"
197,TCGA-CS-5393-01Z-00-DX1.29061bf4-af6c-445c-a5ca-86d99e81545d,TCGA-CS-5393,40x,"(1.0, 4.000120633301307, 16.00112379006559, 32.009971256898254)"
198,TCGA-CS-5394-01Z-00-DX1.2ef4d36b-2bf7-4079-990c-3733009db0bd,TCGA-CS-5394,40x,"(1.0, 4.000079256049879, 16.001864915416945, 32.009923208362196)"
199,TCGA-CS-5395-01Z-00-DX1.389d3129-a006-4d96-bd0f-1f3240118e5b,TCGA-CS-5395,40x,"(1.0, 4.000040355125101, 16.001393510223203, 64.04410117541869)"
200,TCGA-CS-5396-01Z-00-DX1.63f3413b-a950-417a-a49e-9d01efe45c88,TCGA-CS-5396,40x,"(1.0, 4.0001407349841305, 16.00168895722953, 32.006101956215375)"
201,TCGA-CS-5397-01Z-00-DX1.4AB09928-C5EA-4310-9303-ACD040E4C2B9,TCGA-CS-5397,40x,"(1.0, 4.000116914138545, 16.00091240985405, 32.00800086028565)"
202,TCGA-CS-6186-01Z-00-DX1.0CF5363F-B6E6-459C-93FD-0BE69F18A51B,TCGA-CS-6186,40x,"(1.0, 4.000165963450166, 16.000663853800663, 32.00132770760133)"
203,TCGA-CS-6188-01Z-00-DX1.1a0175f4-cc20-40b3-9cd3-ef4d1ff95d86,TCGA-CS-6188,40x,"(1.0, 4.000068941744226, 16.001186876215765, 64.02816296010536)"
204,TCGA-CS-6290-01Z-00-DX1.34c1d579-aeba-4aa2-b0c5-0b04fb16d7a4,TCGA-CS-6290,40x,"(1.0, 4.0, 16.002581909316767)"
205,TCGA-CS-6665-01Z-00-DX1.0805163E-0752-4383-B9EC-877B505672B8,TCGA-CS-6665,40x,"(1.0, 4.00007743534149, 16.001882558059016, 32.0064345634358)"
206,TCGA-CS-6666-01Z-00-DX1.6F91FE79-CCA6-401C-9C3C-74B2F9C9DF4A,TCGA-CS-6666,40x,"(1.0, 4.000069571000547, 16.00117485976003, 64.01211424822071)"
207,TCGA-CS-6667-01Z-00-DX1.48760481-6237-4876-AA57-612FDADFFC63,TCGA-CS-6667,40x,"(1.0, 4.000083402835696, 16.00444997616996)"
208,TCGA-CS-6668-01Z-00-DX1.D6E80501-5B34-499A-9899-8167575DBBDB,TCGA-CS-6668,40x,"(1.0, 4.0001837404411615, 16.003484899399055, 32.01683887727374)"
209,TCGA-CS-6669-01Z-00-DX1.B1D9D967-ED63-48F7-9E9F-12B3E74EB0E8,TCGA-CS-6669,40x,"(1.0, 4.000088115048608, 16.00128238313389, 64.04212309328608)"
210,TCGA-CS-6670-01Z-00-DX1.A767AC46-DA02-41C6-8829-AE53DB0F386E,TCGA-CS-6670,40x,"(1.0, 4.000108483966287, 16.002169917037914, 32.010242957438166)"
211,TCGA-DB-5270-01Z-00-DX2.F5F8D418-C805-4293-9688-1CA899A6D15B,TCGA-DB-5270,40x,"(1.0, 4.000069258472619, 16.00158085649467, 32.00316171298934)"
212,TCGA-DB-5270-01Z-00-DX1.E0795F24-4D23-408A-8871-2675EC577C23,TCGA-DB-5270,40x,"(1.0, 4.0, 16.0, 32.00507517574924)"
213,TCGA-DB-5273-01Z-00-DX2.4240617C-BD85-4841-A61E-62EB9C143076,TCGA-DB-5273,40x,"(1.0, 4.000023894862604, 16.00047792009176, 32.004015296367115)"
214,TCGA-DB-5273-01Z-00-DX1.9E85A2F5-FB10-4C9F-A612-19FFB955C9FF,TCGA-DB-5273,40x,"(1.0, 4.000045318589685, 16.00090645395214, 64.00741369459644)"
215,TCGA-DB-5274-01Z-00-DX1.28F042EC-7A2E-4AEC-B67A-EF1684BC1361,TCGA-DB-5274,40x,"(1.0, 4.00005411548244, 16.001515479541027, 32.01013103024748)"
216,TCGA-DB-5274-01Z-00-DX2.958D3EC3-7E76-4E0D-ACB2-BA67196DAB75,TCGA-DB-5274,40x,"(1.0, 4.000070858330577, 16.000661375661373, 64.0058856808553)"
217,TCGA-DB-5275-01Z-00-DX2.30F63FE2-C9CC-4BBA-B2AB-9D857898397E,TCGA-DB-5275,40x,"(1.0, 4.000064670503783, 16.00238575556701, 32.01121225101735)"
218,TCGA-DB-5275-01Z-00-DX1.E35FB92E-EAE0-4233-9A21-FAC044F1096B,TCGA-DB-5275,40x,"(1.0, 4.000060672248514, 16.001213592233007, 32.004786370546825)"
219,TCGA-DB-5276-01Z-00-DX1.3921BD4C-CC46-43A4-BECF-AAB9A35E6682,TCGA-DB-5276,40x,"(1.0, 4.000069783670622, 16.00202420627591, 32.007027338787196)"
220,TCGA-DB-5276-01Z-00-DX2.8C3B6948-8814-414C-BE52-B7DECB53E7E3,TCGA-DB-5276,40x,"(1.0, 4.000030562347188, 16.000787917553172, 32.00423917254581)"
221,TCGA-DB-5277-01Z-00-DX2.F1B46E37-AC7F-4805-9606-468744147AF8,TCGA-DB-5277,40x,"(1.0, 4.000072677939823, 16.001453770110487, 32.00845506920197)"
222,TCGA-DB-5277-01Z-00-DX1.635F8997-B57B-402D-8889-BE84CA858B16,TCGA-DB-5277,40x,"(1.0, 4.000052606660003, 16.000631313131315, 32.00126262626263)"
223,TCGA-DB-5278-01Z-00-DX2.39A970EE-DD46-4766-82BE-6B9DBFE57F3E,TCGA-DB-5278,40x,"(1.0, 4.000025118054857, 16.00212683472354, 32.00425366944708)"
224,TCGA-DB-5278-01Z-00-DX1.3B0317D3-8C14-4C70-B60B-2153E89056BF,TCGA-DB-5278,40x,"(1.0, 4.000090339677186, 16.000361358708744, 32.00457831325301)"
225,TCGA-DB-5279-01Z-00-DX1.3E13F0B8-ECCE-490F-B035-2A0E9AD632CB,TCGA-DB-5279,40x,"(1.0, 4.000026246719161, 16.001700410750992, 32.00642339627707)"
226,TCGA-DB-5279-01Z-00-DX2.40EBC457-110D-408A-A40D-B51873A28818,TCGA-DB-5279,40x,"(1.0, 4.0, 16.001805503922206, 32.010835484388444)"
227,TCGA-DB-5280-01Z-00-DX1.377DED7C-CE43-4735-A6C1-2C2D0A769B18,TCGA-DB-5280,40x,"(1.0, 4.000026473235559, 16.002029568457804, 32.00744955082533)"
228,TCGA-DB-5280-01Z-00-DX2.A0AC8AD2-F2A3-477B-970C-71FD6FF7C6F6,TCGA-DB-5280,40x,"(1.0, 4.0, 16.00087317179655, 32.005240174672494)"
229,TCGA-DB-5281-01Z-00-DX1.1C19F78D-2E61-41E8-976D-0EC0A2A45031,TCGA-DB-5281,40x,"(1.0, 4.000043318171973, 16.00051984058222, 32.006350091052454)"
230,TCGA-DB-5281-01Z-00-DX2.672BE5A5-77AE-4DE2-99AF-5B13532917DF,TCGA-DB-5281,40x,"(1.0, 4.000078542255734, 16.001105151819058, 32.010403655053345)"
231,TCGA-DB-A4X9-01Z-00-DX2.1C5A66A2-48A5-41B3-98C7-6B668438C4C1,TCGA-DB-A4X9,40x,"(1.0, 4.0000942744013575, 16.00252615094823, 32.01163923985797)"
232,TCGA-DB-A4X9-01Z-00-DX1.D877E4C5-87FA-4289-BDEB-883F6408C094,TCGA-DB-A4X9,40x,"(1.0, 4.000081353726001, 16.001966114949482, 32.0074049700541)"
233,TCGA-DB-A4XA-01Z-00-DX1.108DC8B4-E6B6-4526-9E9B-B42DCF90FF01,TCGA-DB-A4XA,40x,"(1.0, 4.00006846032724, 16.001917282936184, 32.01096360346813)"
234,TCGA-DB-A4XA-01Z-00-DX2.78A6831F-EA66-4A88-BFEC-C731A00A9C36,TCGA-DB-A4XA,40x,"(1.0, 4.0, 16.001598721023182, 32.00990767434222)"
235,TCGA-DB-A4XB-01Z-00-DX1.FBF60AEC-EF2E-4771-A46C-7ABF60C99D9C,TCGA-DB-A4XB,40x,"(1.0, 4.000068612203824, 16.001006404391582, 64.01715229268208)"
236,TCGA-DB-A4XB-01Z-00-DX2.1E0EEB31-AAEE-4F4B-97A9-EA3BCFFDF0C0,TCGA-DB-A4XB,40x,"(1.0, 4.0, 16.000901713255185, 32.00180342651037)"
237,TCGA-DB-A4XC-01Z-00-DX2.7CFAE472-1951-436C-B3E6-F05A96FF5773,TCGA-DB-A4XC,40x,"(1.0, 4.000078406774345, 16.002515351127332, 32.005030702254665)"
238,TCGA-DB-A4XC-01Z-00-DX1.5768EC5F-D8B2-47B3-A685-059792C8751E,TCGA-DB-A4XC,40x,"(1.0, 4.0, 16.0016713091922, 32.0033426183844)"
239,TCGA-DB-A4XD-01Z-00-DX2.9533A30E-F199-4241-84BF-13D706B6C4A4,TCGA-DB-A4XD,40x,"(1.0, 4.000098302641064, 16.002471936716617, 32.00696624590474)"
240,TCGA-DB-A4XD-01Z-00-DX1.9CEDBD64-B9D3-4F8C-B51F-4E00085742A1,TCGA-DB-A4XD,40x,"(1.0, 4.000047294740825, 16.001192691256325)"
241,TCGA-DB-A4XE-01Z-00-DX2.895DAAFB-F994-4D4A-BCD7-30533BF94DC7,TCGA-DB-A4XE,40x,"(1.0, 4.000121310149616, 16.001132319637655, 32.01128582486966)"
242,TCGA-DB-A4XE-01Z-00-DX1.C45CDC01-DCE7-404B-88E0-9EAF67E7A26E,TCGA-DB-A4XE,40x,"(1.0, 4.000082079343365, 16.00209920832461, 64.01571655640174)"
243,TCGA-DB-A4XF-01Z-00-DX2.EB54301F-63CD-4648-AA38-67332840B8B2,TCGA-DB-A4XF,40x,"(1.0, 4.000060672248514, 16.001616168722542, 64.00646467489017)"
244,TCGA-DB-A4XF-01Z-00-DX1.2E0AFD7A-F00A-4FB1-95E3-F605BC9065DA,TCGA-DB-A4XF,40x,"(1.0, 4.000058363487803, 16.001167406023814, 64.03034298194811)"
245,TCGA-DB-A4XG-01Z-00-DX1.76683FE4-150C-44B9-99C1-DFCCAB337CDE,TCGA-DB-A4XG,40x,"(1.0, 4.00005411548244, 16.001515479541027, 32.00649631875271)"
246,TCGA-DB-A4XG-01Z-00-DX2.6EC94BAA-8653-4697-AAAA-0B4AF88A82AE,TCGA-DB-A4XG,40x,"(1.0, 4.000066242713301, 16.000972684936716, 32.00194536987343)"
247,TCGA-DB-A4XH-01Z-00-DX1.56D80999-2AB5-40BB-9326-43B6FF71183A,TCGA-DB-A4XH,40x,"(1.0, 4.0, 16.0016713091922, 32.0033426183844)"
248,TCGA-DB-A4XH-01Z-00-DX2.2F6F5DB6-0C6E-4D20-9B72-BB274583DFFB,TCGA-DB-A4XH,40x,"(1.0, 4.000074487895716, 16.001345133968876, 64.00899084779456)"
249,TCGA-DB-A64L-01Z-00-DX1.95A7A10B-D31F-4A8E-B847-2F43F9DC1C46,TCGA-DB-A64L,40x,"(1.0, 4.000047064729692, 16.000941383205724, 32.00389153904092)"
250,TCGA-DB-A64O-01Z-00-DX1.E143BA84-8D09-4FA0-A58F-AF6BEE4E8451,TCGA-DB-A64O,40x,"(1.0, 4.000118806162043, 16.002376412135266, 32.01089877799484)"
251,TCGA-DB-A64P-01Z-00-DX1.A14552EE-4B33-4839-A733-00302D0BAFBC,TCGA-DB-A64P,40x,"(1.0, 4.0001239685396985, 16.002479679175238, 32.004959358350476)"
252,TCGA-DB-A64Q-01Z-00-DX1.CD3937C2-015A-490D-B6A6-BAEEFFDC0747,TCGA-DB-A64Q,40x,"(1.0, 4.00013494107873, 16.001259507168918, 32.002519014337835)"
253,TCGA-DB-A64R-01Z-00-DX1.0A2B114A-F7CA-4D94-A7E4-CA482F92B214,TCGA-DB-A64R,40x,"(1.0, 4.000066937391226, 16.001839105948587, 32.003678211897174)"
254,TCGA-DB-A64S-01Z-00-DX1.E44CE325-25A2-4669-8843-E7462547C004,TCGA-DB-A64S,40x,"(1.0, 4.000038616996628, 16.00115356978054, 64.0295149250565)"
255,TCGA-DB-A64S-01Z-00-DX2.FDA93FFC-A258-429A-93B4-B586635F39BC,TCGA-DB-A64S,40x,"(1.0, 4.000064676886051, 16.00122813560362, 64.01690780929957)"
256,TCGA-DB-A64U-01Z-00-DX1.7E003533-C514-46BA-A934-3D74B19188DE,TCGA-DB-A64U,40x,"(1.0, 4.000071797586852, 16.00094169092101, 32.00188338184202)"
257,TCGA-DB-A64V-01Z-00-DX1.F6D441CA-6613-4F91-9E54-0FBB3F17CE08,TCGA-DB-A64V,40x,"(1.0, 4.000099441573479, 16.002090546507716, 64.03229561612662)"
258,TCGA-DB-A64W-01Z-00-DX1.25848BE9-A940-4827-88AA-555527EB81AA,TCGA-DB-A64W,40x,"(1.0, 4.000147229277996, 16.001537339770707, 32.01066431232631)"
259,TCGA-DB-A64X-01Z-00-DX1.81333B7A-873F-4CAC-BAF9-E20B0DAC29CA,TCGA-DB-A64X,40x,"(1.0, 4.000092485734386, 16.001021280552976, 64.0040851222119)"
260,TCGA-DB-A75K-01Z-00-DX2.3F9418C2-334D-470A-928E-4D1E80A13978,TCGA-DB-A75K,40x,"(1.0, 4.000139695668929, 16.000886661605698, 32.001773323211395)"
261,TCGA-DB-A75K-01Z-00-DX1.20780A21-CE9E-4ABB-97E9-3D44D47C6218,TCGA-DB-A75K,40x,"(1.0, 4.000070716277439, 16.00051569906251, 64.03031294321445)"
262,TCGA-DB-A75L-01Z-00-DX2.D7AA483E-9CFB-4357-922F-5C2BFCC6159C,TCGA-DB-A75L,40x,"(1.0, 4.00004016171785, 16.000374852736424, 64.01435001407978)"
263,TCGA-DB-A75L-01Z-00-DX1.132A6368-8624-4091-BCDA-261155BBD426,TCGA-DB-A75L,40x,"(1.0, 4.000119222796901, 16.00131434290597, 64.01271001014322)"
264,TCGA-DB-A75M-01Z-00-DX1.418C4BE6-EDC6-47D1-B3E0-B6B082426D8F,TCGA-DB-A75M,40x,"(1.0, 4.0001395329487615, 16.001522171115443, 32.00812068560542)"
265,TCGA-DB-A75O-01Z-00-DX1.10FF7F57-48C0-4668-AE09-A631584EB1ED,TCGA-DB-A75O,40x,"(1.0, 4.000098805487896, 16.00152045617296, 64.01679723108478)"
266,TCGA-DB-A75P-01Z-00-DX1.11655479-5A76-4689-B8F6-319F882B5EB7,TCGA-DB-A75P,40x,"(1.0, 4.0001477917465795, 16.001904459730262, 32.003808919460525)"
267,TCGA-DB-A75P-01Z-00-DX2.81D7ED8E-DB0B-4519-A965-70EF815245D4,TCGA-DB-A75P,40x,"(1.0, 4.000142030623068, 16.002841021435387, 32.01343788396078)"
268,TCGA-DH-5140-01Z-00-DX1.59175D15-3971-470B-85A0-E6984D4CA438,TCGA-DH-5140,40x,"(1.0, 4.000064893279463, 16.00025957311785, 32.00290651555634)"
269,TCGA-DH-5141-01Z-00-DX1.26FDB9A2-CCA7-4B0C-9743-3C4E140B31D7,TCGA-DH-5141,40x,"(1.0, 4.00001951981261, 16.002316667587014, 32.0071328713031)"
270,TCGA-DH-5142-01Z-00-DX1.3C7EAF01-4DC5-4FBE-849D-17DD3A6B5D8D,TCGA-DH-5142,40x,"(1.0, 4.000073302736833, 16.00154637648975, 32.00579365925505)"
271,TCGA-DH-5143-01Z-00-DX1.DD05DCF6-FF16-47A3-B3EF-FCB89F6C8566,TCGA-DH-5143,40x,"(1.0, 4.000017851404905, 16.000818295458018, 32.001636590916036)"
272,TCGA-DH-5144-01Z-00-DX1.4DBB9F00-3215-4199-B8D6-16CC5E517E6F,TCGA-DH-5144,40x,"(1.0, 4.000097634315331, 16.00103580760134, 32.00424565745237)"
273,TCGA-DH-A669-01Z-00-DX1.C4952318-5DA2-44E0-96AE-EE85C761C45D,TCGA-DH-A669,40x,"(1.0, 4.000149350303245, 16.001508601856113, 32.005745803901334)"
274,TCGA-DH-A669-01Z-00-DX2.58B1F2DF-A535-48D9-9350-8F6244D91630,TCGA-DH-A669,40x,"(1.0, 4.000046341350387, 16.001529810634253, 64.02541886050106)"
275,TCGA-DH-A66B-01Z-00-DX1.8669A577-0481-4C15-B4CB-0266E154DEFD,TCGA-DH-A66B,40x,"(1.0, 4.000071754319402, 16.00174183380441, 32.00930456047752)"
276,TCGA-DH-A66D-01Z-00-DX1.95468350-314C-40AF-B409-14E3DE8B2AF8,TCGA-DH-A66D,40x,"(1.0, 4.000095697037999, 16.002123052678712, 64.01852237921108)"
277,TCGA-DH-A66F-01Z-00-DX1.820376E3-0710-4EF5-B3EA-9F56540B93FD,TCGA-DH-A66F,40x,"(1.0, 4.000149839576356, 16.00139857503574, 32.00659621501067)"
278,TCGA-DH-A66G-01Z-00-DX1.82A4242B-EAB4-4474-B5C9-27FD5C322201,TCGA-DH-A66G,40x,"(1.0, 4.000024833614781, 16.001470301770347, 64.0153148165227)"
279,TCGA-DH-A7UR-01Z-00-DX1.CD0C3921-255F-4415-BE61-240068DD1C9D,TCGA-DH-A7UR,40x,"(1.0, 4.000023201856148, 16.001039114087696, 64.03177311464447)"
280,TCGA-DH-A7US-01Z-00-DX1.0CC50064-5604-449F-8A97-860436784030,TCGA-DH-A7US,40x,"(1.0, 4.000026438240271, 16.001014637305552, 64.01133210275341)"
281,TCGA-DH-A7UT-01Z-00-DX1.A229410B-A3A3-4046-A5B3-8E0CD926BB57,TCGA-DH-A7UT,40x,"(1.0, 4.000016445745485, 16.001761881471587, 32.003523762943175)"
282,TCGA-DH-A7UU-01Z-00-DX1.ECE10796-B224-404A-96BC-2D40601A7196,TCGA-DH-A7UU,40x,"(1.0, 4.000087701261739, 16.001230320579523, 32.00542151366861)"
283,TCGA-DH-A7UV-01Z-00-DX1.498CA010-9528-4F9F-82D8-4C12376B5B2A,TCGA-DH-A7UV,40x,"(1.0, 4.000075218132585, 16.001679512753185, 64.0162130804745)"
284,TCGA-DU-5847-01Z-00-DX1.b7d7de58-38b6-4686-8588-a2542c8595b4,TCGA-DU-5847,40x,"(1.0, 4.000168323590732, 16.004883706915088, 32.02505372442691)"
285,TCGA-DU-5849-01Z-00-DX1.e7b1aee3-be94-4472-a7b1-313b7dc8986b,TCGA-DU-5849,40x,"(1.0, 4.00002707825616, 16.001682062045788, 32.006406382824494)"
286,TCGA-DU-5851-01Z-00-DX1.ebd0a3a5-4127-4ec3-8ef2-2c77515e3266,TCGA-DU-5851,40x,"(1.0, 4.000195809672998, 16.006188263917366, 32.01518674995293)"
287,TCGA-DU-5852-01Z-00-DX1.2abc3f8e-6ed5-4526-80b4-d84dc4d983b8,TCGA-DU-5852,40x,"(1.0, 4.000133398652688, 16.004158139503986, 32.019844213861205)"
288,TCGA-DU-5853-01Z-00-DX1.10c22c4b-d45c-45aa-830a-b2749c8bbcc4,TCGA-DU-5853,40x,"(1.0, 4.000335282156468, 16.003129780644322, 32.00904044699139)"
289,TCGA-DU-5854-01Z-00-DX1.b4d00993-a322-4d5a-b7a1-06db7ad078ab,TCGA-DU-5854,40x,"(1.0, 4.0, 16.000333611342786, 32.003336670003335)"
290,TCGA-DU-5855-01Z-00-DX1.046a8964-3cdf-49cf-a65c-3254e50ae90d,TCGA-DU-5855,40x,"(1.0, 4.0, 16.000901713255185)"
291,TCGA-DU-5870-01Z-00-DX1.11f12fa4-b243-4e7a-885a-43f6ca71f024,TCGA-DU-5870,40x,"(1.0, 4.000155402183765, 16.00145812255682)"
292,TCGA-DU-5871-01Z-00-DX1.50906dc0-cc83-473a-ac50-17d9f6ee1bc3,TCGA-DU-5871,40x,"(1.0, 4.000130533794268, 16.001010431327323, 32.00647040548526)"
293,TCGA-DU-5872-01Z-00-DX1.98ee5af3-3732-43a5-b628-93fd9ff9092b,TCGA-DU-5872,40x,"(1.0, 4.000242774831431, 16.00362060815046)"
294,TCGA-DU-5874-01Z-00-DX1.ce55b450-4580-43b8-9fd1-2023e5fb1f65,TCGA-DU-5874,40x,"(1.0, 4.000122414004162, 16.00146914789422, 32.00548039937917)"
295,TCGA-DU-6392-01Z-00-DX1.f44c08a3-d488-483d-b760-f23b0160f832,TCGA-DU-6392,40x,"(1.0, 4.000131109687313, 16.001822432466078, 32.00563705179283)"
296,TCGA-DU-6393-01Z-00-DX1.a91ec35c-6b09-4ea7-8c15-e13119177f74,TCGA-DU-6393,40x,"(1.0, 4.000078009205087, 16.002759977551786, 32.00551995510357)"
297,TCGA-DU-6394-01Z-00-DX1.2d96d992-3950-4350-abe0-e219559a7c7a,TCGA-DU-6394,40x,"(1.0, 4.000083402835696, 16.00121372546362, 32.00591044407296)"
298,TCGA-DU-6395-01Z-00-DX1.c2fa922a-48b9-46fe-87d3-ea18e925dd98,TCGA-DU-6395,40x,"(1.0, 4.000125922315667, 16.001337384118223, 32.0054556539392)"
299,TCGA-DU-6396-01Z-00-DX1.0a818d89-d17b-45aa-85ce-d3a6631b7807,TCGA-DU-6396,40x,"(1.0, 4.000082960013273, 16.000774336283186, 32.00154867256637)"
300,TCGA-DU-6397-01Z-00-DX1.82694102-b70e-4919-bd88-644692606d52,TCGA-DU-6397,40x,"(1.0, 4.000162133326365, 16.002298477684327, 32.0115178062904)"
301,TCGA-DU-6399-01Z-00-DX1.1a964643-a0f0-4338-8976-3bf5f832236c,TCGA-DU-6399,40x,"(1.0, 4.000066782422866, 16.001335826876836, 32.00694815606627)"
302,TCGA-DU-6400-01Z-00-DX1.46dd4fdb-66b4-445e-b9b7-c0eb8c114ed7,TCGA-DU-6400,40x,"(1.0, 4.000170419891039, 16.00205486798714, 32.007824348972534)"
303,TCGA-DU-6401-01Z-00-DX1.117ba558-9f05-416d-b621-20c5c83895c8,TCGA-DU-6401,40x,"(1.0, 4.000076769537847, 16.001535626535627, 32.003071253071255)"
304,TCGA-DU-6402-01Z-00-DX1.d7027057-55c3-435a-ac9a-41d353f120db,TCGA-DU-6402,40x,"(1.0, 4.000117992712584, 16.002019692623826, 32.006763427003975)"
305,TCGA-DU-6403-01Z-00-DX1.b08e05bd-9594-40d7-b86b-88dfc38be7ef,TCGA-DU-6403,40x,"(1.0, 4.000093775035554, 16.00193809323993, 32.006628341934665)"
306,TCGA-DU-6404-01Z-00-DX1.93c15688-f5b2-40bc-85eb-ff2661e16d4e,TCGA-DU-6404,40x,"(1.0, 4.000109662827482, 16.000438651309928, 32.00460180574858)"
307,TCGA-DU-6405-01Z-00-DX1.f5511a52-10ce-458d-a810-cd9c7fb1a0c6,TCGA-DU-6405,40x,"(1.0, 4.0000236933137465, 16.001232227488153, 32.00549867273416)"
308,TCGA-DU-6406-01Z-00-DX1.ad212563-154d-4090-b86c-40d91b4d9e48,TCGA-DU-6406,40x,"(1.0, 4.00014292125028, 16.002858965334795, 32.01487224275097)"
309,TCGA-DU-6407-01Z-00-DX1.191e7dfe-7bb3-446f-ba9d-8123b83f75d9,TCGA-DU-6407,40x,"(1.0, 4.00011320814337, 16.002067749092355, 32.01099055430055)"
310,TCGA-DU-6408-01Z-00-DX1.341db4f1-3ab8-486e-91e8-0e60081e56f9,TCGA-DU-6408,40x,"(1.0, 4.000121771488038, 16.001220383381288, 32.005374763186964)"
311,TCGA-DU-6410-01Z-00-DX1.468e7f40-088d-426a-9458-7079ebcacc98,TCGA-DU-6410,40x,"(1.0, 4.000248903008064, 16.005168255038456)"
312,TCGA-DU-6542-01Z-00-DX1.ccdb126c-5e8b-4094-9282-c2ea5d0d6a04,TCGA-DU-6542,40x,"(1.0, 4.000130667712009, 16.001901828802275, 32.01484294615396)"
313,TCGA-DU-7006-01Z-00-DX1.F91BD282-C5E5-441D-806E-354A1F78B04F,TCGA-DU-7006,40x,"(1.0, 4.000067312870221, 16.002159610649123)"
314,TCGA-DU-7007-01Z-00-DX1.DB64D884-B8AA-4540-BF6F-BF83B1D15A26,TCGA-DU-7007,40x,"(1.0, 4.000022213336887, 16.000954295401076, 32.00679311351195)"
315,TCGA-DU-7008-01Z-00-DX1.C4A4B091-9F79-4B12-AACE-521CF12DFF1C,TCGA-DU-7008,40x,"(1.0, 4.000272578593494, 16.005454545454548)"
316,TCGA-DU-7009-01Z-00-DX1.EAAC2D49-EFA4-48B1-97D9-5387C25155C4,TCGA-DU-7009,40x,"(1.0, 4.000087343872828, 16.00104821802935)"
317,TCGA-DU-7010-01Z-00-DX1.542F36CC-9685-4780-94EB-B664CECFF09D,TCGA-DU-7010,40x,"(1.0, 4.0, 16.000991571641052)"
318,TCGA-DU-7011-01Z-00-DX1.839D54AF-A0C7-4DE4-A7D0-D19C760FFB3D,TCGA-DU-7011,40x,"(1.0, 4.000244259892526, 16.00228013029316)"
319,TCGA-DU-7012-01Z-00-DX1.3D0ACB4F-8CBB-47F9-B015-0AFF70928A62,TCGA-DU-7012,40x,"(1.0, 4.000044754744003, 16.000179018976013)"
320,TCGA-DU-7013-01Z-00-DX1.04BAB2CD-8B7D-480F-92D2-3CC8DA1485BC,TCGA-DU-7013,40x,"(1.0, 4.000141870802988, 16.0025143747306)"
321,TCGA-DU-7014-01Z-00-DX1.8BF185BC-AE93-4FA6-8672-10CFA214FF62,TCGA-DU-7014,40x,"(1.0, 4.000212284177753, 16.0050047419542)"
322,TCGA-DU-7015-01Z-00-DX1.E604489D-E82C-4129-9CDC-16AD1D33B3F2,TCGA-DU-7015,40x,"(1.0, 4.000045392646392, 16.002361060661094)"
323,TCGA-DU-7018-01Z-00-DX1.75C2DA95-5661-4CC4-BF42-CF30137CEA9F,TCGA-DU-7018,40x,"(1.0, 4.0, 16.004479355931995)"
324,TCGA-DU-7019-01Z-00-DX1.94F228DF-0184-4D7F-9899-CCFEE24959C4,TCGA-DU-7019,40x,"(1.0, 4.0001056635672025, 8.000211327134405)"
325,TCGA-DU-7290-01Z-00-DX1.6C7C6F04-43D1-43B4-A68D-677E25AD5627,TCGA-DU-7290,40x,"(1.0, 4.000131787032156, 16.000527148128626, 32.00949367088607)"
326,TCGA-DU-7292-01Z-00-DX1.16D2007C-3019-499C-8E5B-9F5308DFF235,TCGA-DU-7292,40x,"(1.0, 4.000061942517344, 16.000811467927324, 32.00162293585465)"
327,TCGA-DU-7294-01Z-00-DX1.42C278DB-951F-46DD-A455-7D5ED4AA7CF0,TCGA-DU-7294,40x,"(1.0, 4.000198045946659, 16.002905441098783, 32.017331056872166)"
328,TCGA-DU-7298-01Z-00-DX1.1A1DDD06-53F9-4641-AC10-B6F78349DC66,TCGA-DU-7298,40x,"(1.0, 4.000134898151895, 16.00161899622234, 32.01493949344037)"
329,TCGA-DU-7299-01Z-00-DX1.FF3646D8-9491-4692-998A-AABD68CABD56,TCGA-DU-7299,40x,"(1.0, 4.000098853301701, 16.001025433682464, 32.010900971501044)"
330,TCGA-DU-7300-01Z-00-DX1.296EE79F-D449-4D0A-AF26-9D7F807BAE24,TCGA-DU-7300,40x,"(1.0, 4.000095008867494, 16.000380035469977, 32.004815002534215)"
331,TCGA-DU-7301-01Z-00-DX1.4495E346-12EE-4730-8682-1D77D02CF5ED,TCGA-DU-7301,40x,"(1.0, 4.0001990181769935, 16.002571780172538, 32.005143560345076)"
332,TCGA-DU-7302-01Z-00-DX1.DF58DDC5-A6B1-4DE2-A048-A800099F8876,TCGA-DU-7302,40x,"(1.0, 4.0001511487303505, 16.002134816803576)"
333,TCGA-DU-7304-01Z-00-DX1.EA1BD5C1-A8FE-40E1-8287-B703185779CD,TCGA-DU-7304,40x,"(1.0, 4.000050823338077, 16.00183001220008, 32.012551114601536)"
334,TCGA-DU-7306-01Z-00-DX1.254D61E6-1AE1-43DE-AABB-9FDDAC1355D4,TCGA-DU-7306,40x,"(1.0, 4.0, 16.001845018450183, 32.003690036900366)"
335,TCGA-DU-7309-01Z-00-DX1.C4D67475-FE07-4B6A-A766-A4D339A51561,TCGA-DU-7309,40x,"(1.0, 4.0, 16.00070397747272, 32.00942249749613)"
336,TCGA-DU-8158-01Z-00-DX1.04fe31d7-0a47-4f5e-a6f5-28974dea86b4,TCGA-DU-8158,40x,"(1.0, 4.000083402835696, 16.006998693293184)"
337,TCGA-DU-8161-01Z-00-DX1.f8fa74fe-4793-47dc-9dc1-10e636835536,TCGA-DU-8161,40x,"(1.0, 4.000170096955264, 16.00566685961325)"
338,TCGA-DU-8162-01Z-00-DX1.bf95b059-f79c-4a49-b70b-295cca8e4cf0,TCGA-DU-8162,40x,"(1.0, 4.0, 8.00080677692618)"
339,TCGA-DU-8163-01Z-00-DX1.0f6383ea-6dd4-4424-b7b1-ec19d17d8d1a,TCGA-DU-8163,40x,"(1.0, 4.000368007850835, 16.00147203140334)"
340,TCGA-DU-8164-01Z-00-DX1.7a39faea-a8f4-4da9-a3e9-b899192445c8,TCGA-DU-8164,40x,"(1.0, 4.000368007850835, 8.001554346307234)"
341,TCGA-DU-8165-01Z-00-DX1.8d633ff1-6aed-41e5-8518-8856dbe4a718,TCGA-DU-8165,40x,"(1.0, 4.000271251705843, 8.000542503411687)"
342,TCGA-DU-8166-01Z-00-DX1.82951397-8c63-4c0f-8696-f081b170e21f,TCGA-DU-8166,40x,"(1.0, 4.000158027812895, 8.00031605562579)"
343,TCGA-DU-8167-01Z-00-DX1.9ec81b46-f1e9-4611-b018-74f398cb4e90,TCGA-DU-8167,40x,"(1.0, 4.000269631681106, 8.001264755318564)"
344,TCGA-DU-8168-01Z-00-DX1.e89da367-c6d4-4eb6-8d2e-96a0f8c8cd4a,TCGA-DU-8168,40x,"(1.0, 4.000329454706318, 16.005151294283493)"
345,TCGA-DU-A5TP-01Z-00-DX1.93C7592D-91A7-4A89-96A8-190654A36BA9,TCGA-DU-A5TP,40x,"(1.0, 4.000465590349381, 8.001661740915182)"
346,TCGA-DU-A5TR-01Z-00-DX1.87D9C8FE-7163-4E84-BA81-2B02E0193377,TCGA-DU-A5TR,40x,"(1.0, 4.000480569943846, 8.001535089723323)"
347,TCGA-DU-A5TS-01Z-00-DX1.FD62A1B8-0B55-4441-B650-9A8C7AEC8859,TCGA-DU-A5TS,40x,"(1.0, 4.000251046025104, 8.00189954626282)"
348,TCGA-DU-A5TT-01Z-00-DX1.86A745B4-0819-400D-9044-9A5ADC5276C7,TCGA-DU-A5TT,40x,"(1.0, 4.000177200236267, 16.00458948501585)"
349,TCGA-DU-A5TU-01Z-00-DX1.6816DF90-0684-4F6C-BCCE-D293BE9AD93D,TCGA-DU-A5TU,40x,"(1.0, 4.000439575016082, 16.006112795784787)"
350,TCGA-DU-A5TW-01Z-00-DX1.8129468D-0B48-4EAA-BF6C-BA18DDA4E56C,TCGA-DU-A5TW,40x,"(1.0, 4.000081411126187, 16.00075987841945, 32.0015197568389)"
351,TCGA-DU-A5TY-01Z-00-DX1.3CE37EFB-9B39-4626-BA68-578E851588D1,TCGA-DU-A5TY,40x,"(1.0, 4.000559471889845, 16.007232297815417)"
352,TCGA-DU-A6S2-01Z-00-DX1.41E939D2-DE06-4BAB-9600-A1B2DDACA4D8,TCGA-DU-A6S2,40x,"(1.0, 4.0000684587650035, 16.003656383944794, 32.019391043588584)"
353,TCGA-DU-A6S3-01Z-00-DX1.08CE6930-D4E8-4084-A8C0-F2911B069E72,TCGA-DU-A6S3,40x,"(1.0, 4.00014293044328, 16.003878033255823, 32.015913347255356)"
354,TCGA-DU-A6S6-01Z-00-DX1.24E0E59F-ADD0-430D-AC6D-F6FD73C60345,TCGA-DU-A6S6,40x,"(1.0, 4.000260650395985, 16.001807767400535)"
355,TCGA-DU-A6S7-01Z-00-DX1.2F255110-F730-4CA5-A4EC-982A6423346D,TCGA-DU-A6S7,40x,"(1.0, 4.000155610030545, 16.003112694293954, 32.01481051786105)"
356,TCGA-DU-A6S8-01Z-00-DX1.278DE6CD-0564-4331-B68D-6F4B7121BAD1,TCGA-DU-A6S8,40x,"(1.0, 4.000079268614913, 16.001585623678647, 32.01493595323964)"
357,TCGA-DU-A76K-01Z-00-DX1.8620CC08-5A61-4B36-8D4A-078348B5E345,TCGA-DU-A76K,40x,"(1.0, 4.000177200236267, 16.00165406427221)"
358,TCGA-DU-A76L-01Z-00-DX1.1FCFF046-82EF-42B4-937F-CEFD63D3E713,TCGA-DU-A76L,40x,"(1.0, 4.000235508659173, 16.003180564773054)"
359,TCGA-DU-A76O-01Z-00-DX1.79424261-499C-4D61-9C74-3A35E1557501,TCGA-DU-A76O,40x,"(1.0, 4.0001940237388, 16.001210328869902, 32.002420657739805)"
360,TCGA-DU-A76R-01Z-00-DX1.EDE40E2C-2364-4B22-B787-E07E0821FF56,TCGA-DU-A76R,40x,"(1.0, 4.000454187953599, 16.00583601044673)"
361,TCGA-DU-A7T6-01Z-00-DX1.9FCFC32F-0D18-4CE5-8CF3-34A7732FD76D,TCGA-DU-A7T6,40x,"(1.0, 4.000177200236267, 16.003256628374775)"
362,TCGA-DU-A7T8-01Z-00-DX1.2D5A2041-46F5-4571-A933-2629E7617B31,TCGA-DU-A7T8,40x,"(1.0, 4.000275551907334, 16.00551276133663)"
363,TCGA-DU-A7TA-01Z-00-DX1.C0013D54-C292-4060-99F6-A6AB4E54FAA5,TCGA-DU-A7TA,40x,"(1.0, 4.000467323102431, 16.009351198042964)"
364,TCGA-DU-A7TB-01Z-00-DX1.D81A49F7-D5B5-42AC-BB15-24A8DBF3E2F3,TCGA-DU-A7TB,40x,"(1.0, 4.0002170274136715, 16.00434163240682)"
365,TCGA-DU-A7TC-01Z-00-DX1.75739C13-07E4-418F-B336-E0421F3F0366,TCGA-DU-A7TC,40x,"(1.0, 4.000576786092285, 8.002301924891844)"
366,TCGA-DU-A7TD-01Z-00-DX1.CDC41902-3673-4FDA-B4A5-4A453CF1362C,TCGA-DU-A7TD,40x,"(1.0, 4.000411168378226, 8.002158394834849)"
367,TCGA-DU-A7TG-01Z-00-DX1.BB74AF60-791A-42D8-8798-8BCEF80F3C1D,TCGA-DU-A7TG,40x,"(1.0, 4.000401381972928, 16.006139710205225)"
368,TCGA-DU-A7TI-01Z-00-DX1.4D83F5FC-F203-405A-AF16-5CA5F76E5001,TCGA-DU-A7TI,40x,"(1.0, 4.0007160380148825, 8.002325082613117)"
369,TCGA-DU-A7TJ-01Z-00-DX1.25849F8A-8BA3-4DAD-B23D-0FA6144FC0D1,TCGA-DU-A7TJ,40x,"(1.0, 4.000285599114607, 16.00496666243056, 32.02213405267983)"
370,TCGA-EZ-7264-01Z-00-DX1.80a61d74-77d9-4998-bb55-213767a588ff,TCGA-EZ-7264,40x,"(1.0, 4.000016038492381, 16.00161962782278, 32.00529285782263)"
371,TCGA-F6-A8O3-01Z-00-DX1.64B49CF2-4626-48BE-88B5-646E0BDF520C,TCGA-F6-A8O3,40x,"(1.0, 4.000030262680063, 16.001089588377724, 32.00712355252801)"
372,TCGA-F6-A8O4-01Z-00-DX1.28B744E2-072B-469B-9DDE-4DB6ADC57777,TCGA-F6-A8O4,40x,"(1.0, 4.000057369055131, 16.002236630528454, 32.01066777067808)"
373,TCGA-FG-5962-01Z-00-DX1.3df4ee8a-9be3-482e-a0d6-4e4d9c3c9f54,TCGA-FG-5962,40x,"(1.0, 4.00007059155725, 16.00102956481193, 64.01301744798997)"
374,TCGA-FG-5963-01Z-00-DX1.7bcacb10-cec1-4397-9c3a-bf08cab7d63d,TCGA-FG-5963,40x,"(1.0, 4.000023559345992, 16.00047120912261, 64.02902105135138)"
375,TCGA-FG-5964-01Z-00-DX1.971827c7-4e41-4b8c-af02-01b340cf4cbd,TCGA-FG-5964,40x,"(1.0, 4.000101927009087, 16.00323958015013, 32.00853276247733)"
376,TCGA-FG-5965-01Z-00-DX1.f317c968-bc3d-47dc-b608-41cb98b6608e,TCGA-FG-5965,40x,"(1.0, 4.000070631445119, 16.001234466377092, 64.02017364414225)"
377,TCGA-FG-6688-01Z-00-DX1.8f282d89-9838-4295-8c58-9ee29d915b07,TCGA-FG-6688,40x,"(1.0, 4.000058374771664, 16.00079118051236, 64.02391912590514)"
378,TCGA-FG-6689-01Z-00-DX1.378dc7f0-a35e-4157-bcb3-1bb8bf87fee8,TCGA-FG-6689,40x,"(1.0, 4.000035595783126, 16.00109764613604, 64.01967956008633)"
379,TCGA-FG-6690-01Z-00-DX1.69e8e3dd-91a5-442c-b0c9-8da45828b2c5,TCGA-FG-6690,40x,"(1.0, 4.000048631036327, 16.002016032553826, 64.0080641302153)"
380,TCGA-FG-6691-01Z-00-DX1.d5e614cf-985b-4ca1-9ded-4ff57e938df1,TCGA-FG-6691,40x,"(1.0, 4.0000260728998285, 16.000943782487116, 64.01713159319587)"
381,TCGA-FG-6692-01Z-00-DX1.719e6a21-c620-46a4-a47e-fb0fccc34cec,TCGA-FG-6692,40x,"(1.0, 4.000053009152914, 16.002745332219398, 32.005490664438796)"
382,TCGA-FG-7634-01Z-00-DX1.BF0F2F3E-2CAD-495C-A0E6-D8194BCC4A77,TCGA-FG-7634,40x,"(1.0, 4.000030888984988, 16.00250342440406, 32.006984262999396)"
383,TCGA-FG-7636-01Z-00-DX1.BD12D54F-E266-4950-AB43-912C714E338C,TCGA-FG-7636,40x,"(1.0, 4.000024982512242, 16.001657706248235, 32.00853692900999)"
384,TCGA-FG-7637-01Z-00-DX1.29BC8289-EC8E-4182-A235-C7AC5DAC9A0E,TCGA-FG-7637,40x,"(1.0, 4.000055994491266, 16.00115408111227, 64.0195025589936)"
385,TCGA-FG-7638-01Z-00-DX1.27EE5A65-D5D9-41B9-998E-049764C18DC8,TCGA-FG-7638,40x,"(1.0, 4.000041101520756, 16.00082209799408, 32.00942599357222)"
386,TCGA-FG-7641-01Z-00-DX1.7672d4c9-2bd2-4faf-a183-f69b7e1aefea,TCGA-FG-7641,40x,"(1.0, 4.000162954462887, 16.002778286030086, 32.008661521574396)"
387,TCGA-FG-7643-01Z-00-DX1.2F1D1287-FC69-4A7A-B401-9F48C0A2A7B9,TCGA-FG-7643,40x,"(1.0, 4.000025197802751, 16.00154541867656, 64.00994118360418)"
388,TCGA-FG-8181-01Z-00-DX1.2902c472-2ec1-4e6c-a31e-e04b693ae4fb,TCGA-FG-8181,40x,"(1.0, 4.000157088076347, 16.00393174805803, 32.00786349611606)"
389,TCGA-FG-8182-01Z-00-DX1.287825ff-7486-455b-b3d7-90200806ae87,TCGA-FG-8182,40x,"(1.0, 4.000212362742273, 16.00220694427729, 32.007110356781745)"
390,TCGA-FG-8185-01Z-00-DX1.99b9779e-d967-47c6-836c-8b71a335b9a0,TCGA-FG-8185,40x,"(1.0, 4.000045326806273, 16.000423062975948, 64.02064104153412)"
391,TCGA-FG-8186-01Z-00-DX1.61031186-ca17-4c25-b7e8-b9a3f99a8242,TCGA-FG-8186,40x,"(1.0, 4.000088993884972, 16.00069640831459, 32.00708979995741)"
392,TCGA-FG-8187-01Z-00-DX2.e9ba4a17-f5b7-4786-b4f3-29e0d79b5985,TCGA-FG-8187,40x,"(1.0, 4.000040883074407, 16.00147203140334, 32.01268513277675)"
393,TCGA-FG-8187-01Z-00-DX1.4af1e387-0e5f-43e2-a237-fad93a0209a7,TCGA-FG-8187,40x,"(1.0, 4.0, 16.001283285210135, 32.012695940087724)"
394,TCGA-FG-8188-01Z-00-DX1.2a587a5c-9985-4d83-868d-4801fb239a61,TCGA-FG-8188,40x,"(1.0, 4.0, 16.0, 32.00423728813559)"
395,TCGA-FG-8188-01Z-00-DX2.41b9a28a-95c5-4ebe-ab98-51aa44967cd0,TCGA-FG-8188,40x,"(1.0, 4.000148016577857, 16.00217133833399, 32.01320561069973)"
396,TCGA-FG-8188-01Z-00-DX3.0238ac4e-c4ea-486e-9884-7853729294a9,TCGA-FG-8188,40x,"(1.0, 4.000115839060932, 16.001730809615154, 32.01360526596902)"
397,TCGA-FG-8189-01Z-00-DX1.3B81D484-0399-44AE-8D64-8498D2691139,TCGA-FG-8189,40x,"(1.0, 4.000106152800926, 16.001372364379648, 64.02657106117304)"
398,TCGA-FG-8191-01Z-00-DX1.cf5a8abc-ba6d-438f-b070-95fc79ba0fce,TCGA-FG-8191,40x,"(1.0, 4.000106541657788, 16.003033000552712, 32.006066001105424)"
399,TCGA-FG-A4MT-02Z-00-DX1.F0250524-BEDE-4C23-A3E9-F1D927F5E561,TCGA-FG-A4MT,40x,"(1.0, 4.000063120686753, 16.000817454498424, 32.00432859670148)"
400,TCGA-FG-A4MT-02Z-00-DX5.BC137126-2035-4629-BCCF-EDDD39CC7178,TCGA-FG-A4MT,40x,"(1.0, 4.000062961719275, 16.000944967653396, 32.00466313916148)"
401,TCGA-FG-A4MT-02Z-00-DX6.0CD6853F-A85E-4AD5-86BD-0925F6542453,TCGA-FG-A4MT,40x,"(1.0, 4.0, 16.001564638529153, 32.00312927705831)"
402,TCGA-FG-A4MT-02Z-00-DX2.9CCA63C2-537E-4830-B6C3-ADF6F614AFF3,TCGA-FG-A4MT,40x,"(1.0, 4.0, 16.00068061936362, 32.00408441116406)"
403,TCGA-FG-A4MT-02Z-00-DX4.5CC76ADE-AFCE-4BDC-AC27-4CD962926AD6,TCGA-FG-A4MT,40x,"(1.0, 4.000022808137944, 16.00082116788321, 32.004087323541484)"
404,TCGA-FG-A4MT-02Z-00-DX3.1EB377EB-35FD-420F-9CD9-4A9E4B75EB53,TCGA-FG-A4MT,40x,"(1.0, 4.000043546420484, 16.000651000558562, 64.01199423766157)"
405,TCGA-FG-A4MU-01Z-00-DX1.F557204B-3E0E-4961-ACCA-0567C66E318F,TCGA-FG-A4MU,40x,"(1.0, 4.000066077483153, 16.000919202180995, 64.02354703288822)"
406,TCGA-FG-A4MU-01Z-00-DX3.C4DF3CCE-61FC-4E79-A1AA-528F55285147,TCGA-FG-A4MU,40x,"(1.0, 4.000073410659228, 16.001280172169288, 32.004940765336045)"
407,TCGA-FG-A4MU-01Z-00-DX2.4E6A0F42-3203-453D-A8BE-D9B451618407,TCGA-FG-A4MU,40x,"(1.0, 4.000113567534827, 16.000454270139308, 32.000908540278616)"
408,TCGA-FG-A4MW-01Z-00-DX1.526F910A-096F-44B7-9D7F-04342332CC4B,TCGA-FG-A4MW,40x,"(1.0, 4.0, 16.002250783886414, 32.00949298840389)"
409,TCGA-FG-A4MW-01Z-00-DX2.2A441E68-6A73-47F7-A3C8-C5656F9CC658,TCGA-FG-A4MW,40x,"(1.0, 4.000097055968942, 16.001941496246438, 32.011661640547075)"
410,TCGA-FG-A4MX-01Z-00-DX1.64CE3174-2194-461A-AD83-D0CF49FD27EF,TCGA-FG-A4MX,40x,"(1.0, 4.000044563279857, 16.00017825311943, 64.01212553495007)"
411,TCGA-FG-A4MY-01Z-00-DX1.EB81EFA3-9B05-4480-8570-8D16B923D655,TCGA-FG-A4MY,40x,"(1.0, 4.000046602665673, 16.000932140193886, 32.005706739561646)"
412,TCGA-FG-A60J-01Z-00-DX1.1A313634-0CA2-40B4-998A-58871CF2A5CE,TCGA-FG-A60J,40x,"(1.0, 4.000056824639163, 16.001657794597975, 32.00903922139604)"
413,TCGA-FG-A60K-01Z-00-DX1.A5997F67-B39A-477A-BE71-BF72FD9596F8,TCGA-FG-A60K,40x,"(1.0, 4.000026530828823, 16.001438887144936, 64.03388996238581)"
414,TCGA-FG-A60K-01Z-00-DX2.43CB9666-FF7D-4000-8EF4-C56F1619E56E,TCGA-FG-A60K,40x,"(1.0, 4.0, 16.00152271000853, 32.00304542001706)"
415,TCGA-FG-A60L-01Z-00-DX1.BE970739-D829-489B-A697-311021B8CD73,TCGA-FG-A60L,40x,"(1.0, 4.0000877039115945, 16.002584433692654, 32.00849009197964)"
416,TCGA-FG-A6IZ-01Z-00-DX1.4E27D4BA-5E6C-4E51-97F4-5EE6148A4F29,TCGA-FG-A6IZ,40x,"(1.0, 4.0, 16.00189484936445, 32.00875016961629)"
417,TCGA-FG-A6J1-01Z-00-DX1.F360DE20-12F7-4727-8A21-C3D3F3EA4AF2,TCGA-FG-A6J1,40x,"(1.0, 4.000053810510451, 16.00081918024908, 32.00163836049816)"
418,TCGA-FG-A6J3-01Z-00-DX2.623EFD35-6640-4E69-991F-4D02757195C0,TCGA-FG-A6J3,40x,"(1.0, 4.0000281293952185, 16.001462975467028, 64.02747747747748)"
419,TCGA-FG-A6J3-01Z-00-DX1.AA7E89A2-D29C-4C47-9905-4016302CC92C,TCGA-FG-A6J3,40x,"(1.0, 4.00009541377775, 16.00135624298329, 64.02917275751605)"
420,TCGA-FG-A6J3-01Z-00-DX5.533723D7-87B8-4070-931C-64BEB265F9EA,TCGA-FG-A6J3,40x,"(1.0, 4.000050958010599, 16.000643972887467, 64.01562679502791)"
421,TCGA-FG-A6J3-01Z-00-DX3.76B18CCB-CE54-4A5D-9B74-8E62AE893147,TCGA-FG-A6J3,40x,"(1.0, 4.000026394974396, 16.001801159199147, 64.0309232985721)"
422,TCGA-FG-A6J3-01Z-00-DX4.FB8C5E32-7F05-42C7-9597-DDFD2B842AC5,TCGA-FG-A6J3,40x,"(1.0, 4.00002727322315, 16.00054549421776, 64.03070554147646)"
423,TCGA-FG-A70Y-01Z-00-DX1.9A06E22B-6845-493B-BE36-2FD5A83AF122,TCGA-FG-A70Y,40x,"(1.0, 4.000121081855644, 16.000812206352556, 32.0092582280065)"
424,TCGA-FG-A70Z-01Z-00-DX1.ABAF26D5-7AEE-48EE-B13F-0BE7FCEE6280,TCGA-FG-A70Z,40x,"(1.0, 4.000244041746186, 16.002277957605404, 32.01497560696453)"
425,TCGA-FG-A710-01Z-00-DX1.78193C8E-38BE-48FC-A64E-D1935F42069C,TCGA-FG-A710,40x,"(1.0, 4.00019268288978, 16.002285401989425, 64.03426365677723)"
426,TCGA-FG-A711-01Z-00-DX1.69203ECF-0672-428B-81EA-97B94D90E14F,TCGA-FG-A711,40x,"(1.0, 4.00015405468289, 16.00143791962986, 32.005611086503606)"
427,TCGA-FG-A713-01Z-00-DX4.12FA5CBD-8304-414F-99BD-2FDA6F9DAC00,TCGA-FG-A713,40x,"(1.0, 4.000159662171441, 16.003193861744997, 64.0649953228118)"
428,TCGA-FG-A713-01Z-00-DX5.E66E88FF-6B6E-40D2-9F5D-32354198475D,TCGA-FG-A713,40x,"(1.0, 4.000096678577104, 16.001933783292873, 64.01899666593602)"
429,TCGA-FG-A713-01Z-00-DX2.AFC5E32E-29B6-422B-B867-76BE764A3352,TCGA-FG-A713,40x,"(1.0, 4.00016236222392, 16.000843007038583, 64.05495723788407)"
430,TCGA-FG-A713-01Z-00-DX3.61A211D7-4E07-48F3-BCA4-B05B0EDE5AB3,TCGA-FG-A713,40x,"(1.0, 4.0000938733228075, 16.001026830906667, 64.04499427086068)"
431,TCGA-FG-A713-01Z-00-DX1.92B1CBC8-BF31-4748-92B6-EA4ACB3366FF,TCGA-FG-A713,40x,"(1.0, 4.000234240270613, 16.001163235822176, 64.06470317033893)"
432,TCGA-FG-A87N-01Z-00-DX1.59E663F0-3B40-4845-A73C-A9E5C0B3955B,TCGA-FG-A87N,40x,"(1.0, 4.000076898066855, 16.001213516466073, 64.02530993531784)"
433,TCGA-FG-A87Q-01Z-00-DX1.FF3D3CFD-BBF1-42F4-8CEA-CF06A2CC451B,TCGA-FG-A87Q,40x,"(1.0, 4.0000813238770485, 16.000580306066883, 32.00320102178891)"
434,TCGA-FG-A87Q-01Z-00-DX3.426D47B6-2D6C-4F6E-9546-2E121A9DDAB2,TCGA-FG-A87Q,40x,"(1.0, 4.0000851627257585, 16.001010083627065, 64.0258516816921)"
435,TCGA-FG-A87Q-01Z-00-DX4.9E73D9CC-BE90-4ED4-8F0A-277B25348827,TCGA-FG-A87Q,40x,"(1.0, 4.000128066072998, 16.001645631523417, 64.02845180998418)"
436,TCGA-FG-A87Q-01Z-00-DX2.28565DCA-8540-4461-87A4-489A0411DAF2,TCGA-FG-A87Q,40x,"(1.0, 4.000070340514046, 16.001823696534537, 64.03109494995041)"
437,TCGA-FN-7833-01Z-00-DX1.0618fcef-d4fc-427f-bcb6-f46f903f6e4b,TCGA-FN-7833,40x,"(1.0, 4.000115113021463, 16.001851402016545, 32.00370280403309)"
438,TCGA-HT-7467-01Z-00-DX1.F65868BC-8DD4-4ECF-873B-03C8868345B1,TCGA-HT-7467,40x,"(1.0, 4.000103870923066, 16.001728542368603)"
439,TCGA-HT-7467-01Z-00-DX2.469E8B4F-96A2-4FDB-8397-E585D8AFCB3E,TCGA-HT-7467,40x,"(1.0, 4.000140134497276, 16.001307983517265, 32.00859693833325)"
440,TCGA-HT-7467-01Z-00-DX3.699E5D9C-7E3C-4559-8F6B-985DF1FC0D23,TCGA-HT-7467,40x,"(1.0, 4.000102088680547, 16.00171619236752, 32.007097538402334)"
441,TCGA-HT-7467-01Z-00-DX4.2CD993E3-7E94-4152-952F-4B12AB4F5EF7,TCGA-HT-7467,40x,"(1.0, 4.000173561918007, 16.002281436104145, 32.009325396825396)"
442,TCGA-HT-7468-01Z-00-DX9.41F63F36-2FB3-40A2-9FA5-E448879DB7EE,TCGA-HT-7468,40x,"(1.0, 4.000112549240292, 16.0013507429086)"
443,TCGA-HT-7468-01Z-00-DX4.4E1782B9-3639-4C7C-B98D-42774CCDC377,TCGA-HT-7468,40x,"(1.0, 4.000057593733802, 16.002306024002102, 32.00738525185889)"
444,TCGA-HT-7468-01Z-00-DX7.64F8DF3B-5821-4BCB-80E5-1252F9EB8DFD,TCGA-HT-7468,40x,"(1.0, 4.000111457868925, 16.00208584787587)"
445,TCGA-HT-7468-01Z-00-DX2.F7D1413E-AA30-4C8E-8A1B-F258E25A649B,TCGA-HT-7468,40x,"(1.0, 4.000033222591362, 16.001196172248804, 32.00239234449761)"
446,TCGA-HT-7468-01Z-00-DX8.BC4AF8CA-E49E-455E-A32F-A99474209DE9,TCGA-HT-7468,40x,"(1.0, 4.0, 16.004425403209638)"
447,TCGA-HT-7468-01Z-00-DX1.9141B9CC-C84D-4226-984C-1DD9E98E4A8D,TCGA-HT-7468,40x,"(1.0, 4.00006310740881, 16.003282828282828)"
448,TCGA-HT-7468-01Z-00-DX5.54889415-0D9B-4472-95F6-355D3284572F,TCGA-HT-7468,40x,"(1.0, 4.000100887812753, 16.00127672304756, 32.0103531994303)"
449,TCGA-HT-7468-01Z-00-DX3.623EF604-9D08-4596-8917-E5609A1CFBE1,TCGA-HT-7468,40x,"(1.0, 4.0, 16.00226410453118, 32.01157568759744)"
450,TCGA-HT-7468-01Z-00-DX6.45A051E5-82D2-43F4-B160-C2EFBA31AFDA,TCGA-HT-7468,40x,"(1.0, 4.000064867669954, 16.000259470679815, 32.00350736123262)"
451,TCGA-HT-7469-01Z-00-DX1.53A588BD-3B74-4DB6-BE8D-A6E80119E3EB,TCGA-HT-7469,40x,"(1.0, 4.000069319284625, 16.00138657792568, 32.00277315585136)"
452,TCGA-HT-7470-01Z-00-DX5.61392B7D-7FEA-401B-A16E-84DFBA7A3C6F,TCGA-HT-7470,40x,"(1.0, 4.000097169139082, 16.002345819638663, 32.008839335996214)"
453,TCGA-HT-7470-01Z-00-DX8.B6CADB4F-D127-4301-BD47-ED5AB38EEB69,TCGA-HT-7470,40x,"(1.0, 4.000152636361403, 16.003053213937747, 32.006106427875494)"
454,TCGA-HT-7470-01Z-00-DX9.27D6011C-13F4-43EB-B114-20193EA59044,TCGA-HT-7470,40x,"(1.0, 4.000145172099139, 16.00198561762985, 32.0114295531213)"
455,TCGA-HT-7470-01Z-00-DX2.F82901CA-7C4E-45EC-BF2D-A5F2AB243896,TCGA-HT-7470,40x,"(1.0, 4.000155534844463, 16.00311120222133, 32.01417323903512)"
456,TCGA-HT-7470-01Z-00-DX1.C6D5284B-5049-4605-B94B-A1010257CD8E,TCGA-HT-7470,40x,"(1.0, 4.000271640063724, 16.00229166688574, 32.00779808119075)"
457,TCGA-HT-7470-01Z-00-DX3.9061D478-51A5-4D94-9D26-EE7060F7D723,TCGA-HT-7470,40x,"(1.0, 4.000178531218721, 16.00246295799866, 32.00492591599732)"
458,TCGA-HT-7470-01Z-00-DX4.204D0CF2-A22E-4428-8E8C-572432B86280,TCGA-HT-7470,40x,"(1.0, 4.000108633155923, 16.001348889201047, 32.010014742024914)"
459,TCGA-HT-7470-01Z-00-DX7.B346741D-683F-4F57-AF40-A8C3928F7D79,TCGA-HT-7470,40x,"(1.0, 4.000162700324347, 16.001655016905907, 32.005988726557085)"
460,TCGA-HT-7470-01Z-00-DX6.FCC6D7FE-FE43-4909-9505-6E90580A8F26,TCGA-HT-7470,40x,"(1.0, 4.000118924016571, 16.00187350647619, 32.007789841536066)"
461,TCGA-HT-7472-01Z-00-DX4.1B21E56B-14CE-4E26-A978-A972AB87BF22,TCGA-HT-7472,40x,"(1.0, 4.000066937391226, 16.000624776865408, 32.00458845189442)"
462,TCGA-HT-7472-01Z-00-DX3.7A622204-B1C5-4462-B356-4874E61001F6,TCGA-HT-7472,40x,"(1.0, 4.000053788503604, 16.001075885812654, 32.00444763271162)"
463,TCGA-HT-7472-01Z-00-DX1.79C3FA08-7FCF-46EE-972D-B8E06586619E,TCGA-HT-7472,40x,"(1.0, 4.000541521152299, 8.00170116088674)"
464,TCGA-HT-7472-01Z-00-DX2.F062BE28-951D-45C7-A7C4-41BE8919609F,TCGA-HT-7472,40x,"(1.0, 4.000100552311562, 16.001227448486432, 32.00592283876385)"
465,TCGA-HT-7473-01Z-00-DX5.4626DB85-EEB8-4EEE-9912-4EA2200BCA0A,TCGA-HT-7473,40x,"(1.0, 4.000095264894554, 16.002659149706325, 32.00531829941265)"
466,TCGA-HT-7473-01Z-00-DX7.50CD8048-258B-446A-9A40-DBE75A06E98A,TCGA-HT-7473,40x,"(1.0, 4.00007530498519, 16.00226548390696, 32.010783209218516)"
467,TCGA-HT-7473-01Z-00-DX3.AA08BB2B-4788-4353-8A3A-EDD1EC72C3E3,TCGA-HT-7473,40x,"(1.0, 4.000143152753518, 16.000914443878344, 32.00793837213914)"
468,TCGA-HT-7473-01Z-00-DX4.AE71EAC1-5B64-4EFC-9EE2-C3F3256F0455,TCGA-HT-7473,40x,"(1.0, 4.000086934249654, 16.001738858678795, 32.00689528841518)"
469,TCGA-HT-7473-01Z-00-DX1.B100DAD7-1292-4B10-B385-F5676B5D09CA,TCGA-HT-7473,40x,"(1.0, 4.000223827485194, 16.002313142120514, 32.01039868029471)"
470,TCGA-HT-7473-01Z-00-DX6.76D0E72C-D2EA-4B6A-B43B-28BF23E7FD3B,TCGA-HT-7473,40x,"(1.0, 4.00010250550744, 16.002485651925248, 32.011669281276454)"
471,TCGA-HT-7473-01Z-00-DX8.436FDFB3-6908-48E1-A373-8C50314E09E5,TCGA-HT-7473,40x,"(1.0, 4.000123651356839, 16.00209107697023, 32.00739556973977)"
472,TCGA-HT-7473-01Z-00-DX2.5A140B5B-DB37-4B24-A3D9-D83B7151FEC5,TCGA-HT-7473,40x,"(1.0, 4.000254451444581, 16.005607523848816, 32.01121504769763)"
473,TCGA-HT-7474-01Z-00-DX1.B3E88862-6C35-4E30-B374-A7BC80231B8C,TCGA-HT-7474,40x,"(1.0, 4.000329388059052, 8.001276894700247)"
474,TCGA-HT-7474-01Z-00-DX2.BDFBF2D3-53F0-42D3-BFDB-48967E446390,TCGA-HT-7474,40x,"(1.0, 4.000155173422898, 16.00264136215833, 32.00528272431666)"
475,TCGA-HT-7475-01Z-00-DX5.44227ED7-4D8E-4AA6-B4DC-FEDE74ED5F38,TCGA-HT-7475,40x,"(1.0, 4.000161809904126, 16.002368112578345, 32.00988526520442)"
476,TCGA-HT-7475-01Z-00-DX2.6FAD6473-C6B4-42C3-A2EA-C3101C847409,TCGA-HT-7475,40x,"(1.0, 4.0000941324129276, 16.001883002761737, 32.011122537861766)"
477,TCGA-HT-7475-01Z-00-DX4.BC18B0F5-A4D4-40D8-B289-A610A83DFF0E,TCGA-HT-7475,40x,"(1.0, 4.000122669431576, 16.002185534947905, 32.00794000868175)"
478,TCGA-HT-7475-01Z-00-DX3.154DA9D3-55E8-41B4-B442-77839528BB05,TCGA-HT-7475,40x,"(1.0, 4.000154077263665, 16.003082043529123, 32.010183114181686)"
479,TCGA-HT-7475-01Z-00-DX1.1761E0F7-FDBC-480E-AA54-816CA6DE2926,TCGA-HT-7475,40x,"(1.0, 4.000116199344376, 16.001803840229105, 32.011344421618205)"
480,TCGA-HT-7476-01Z-00-DX3.BA9C415D-34F0-4122-BC9A-3E7A57502D19,TCGA-HT-7476,40x,"(1.0, 4.000169973441066, 16.001742291318507, 32.00824710725412)"
481,TCGA-HT-7476-01Z-00-DX2.41B7E094-152F-485D-BA78-76D5401C3AE3,TCGA-HT-7476,40x,"(1.0, 4.0001560561868725, 16.00361058722696, 32.01258119513743)"
482,TCGA-HT-7476-01Z-00-DX1.9236049B-7C74-4585-8B46-921C42FC581E,TCGA-HT-7476,40x,"(1.0, 4.0003734217030935, 16.007471288878207)"
483,TCGA-HT-7477-01Z-00-DX1.0CD24A76-2B82-4876-87A4-804E934C0A49,TCGA-HT-7477,40x,"(1.0, 4.0, 16.00091806288731, 32.005509641873275)"
484,TCGA-HT-7478-01Z-00-DX1.B3835ABC-63FC-4AEA-B874-5701429C65B7,TCGA-HT-7478,40x,"(1.0, 4.000202922077922, 16.003130528891397)"
485,TCGA-HT-7479-01Z-00-DX1.E310974D-E52C-4634-8E16-2A41E8C37D45,TCGA-HT-7479,40x,"(1.0, 4.0000848032564456, 8.000169606512891)"
486,TCGA-HT-7479-01Z-00-DX3.FF2CDA94-4F2A-4B13-9FAF-5C7EA1586325,TCGA-HT-7479,40x,"(1.0, 4.000087458457233, 16.002488300425277, 32.008710501678905)"
487,TCGA-HT-7479-01Z-00-DX2.93C5E5AE-2BF4-45D7-B0F4-1EA48C9D3860,TCGA-HT-7479,40x,"(1.0, 4.000080515297906, 16.00118101782263, 32.00907900187249)"
488,TCGA-HT-7480-01Z-00-DX2.F7CD8FA9-0DD2-47E5-9A40-957AA6DE5770,TCGA-HT-7480,40x,"(1.0, 4.0001317792987185, 16.00090075254905, 32.00479128605436)"
489,TCGA-HT-7480-01Z-00-DX4.C69D99AA-7FAD-4741-8A68-FCF694D07180,TCGA-HT-7480,40x,"(1.0, 4.00007530498519, 16.001948217866342, 32.00711118315196)"
490,TCGA-HT-7480-01Z-00-DX1.42E0C267-020A-464E-9652-2068BEC181B8,TCGA-HT-7480,40x,"(1.0, 4.0002822753649845, 16.00291509832013)"
491,TCGA-HT-7480-01Z-00-DX3.080C61F8-C362-434E-A58C-43793DC8AA2F,TCGA-HT-7480,40x,"(1.0, 4.000111912450218, 16.002524457891504, 32.00834546333401)"
492,TCGA-HT-7480-01Z-00-DX5.AB789ABF-9E84-4F24-935F-80EA240CBACF,TCGA-HT-7480,40x,"(1.0, 4.000114452050142, 16.002289381765735, 32.00457876353147)"
493,TCGA-HT-7481-01Z-00-DX4.C8D1B102-5254-431F-9A10-BB1DF1DFDF40,TCGA-HT-7481,40x,"(1.0, 4.000216063443917, 16.00303648085544, 32.01015348787212)"
494,TCGA-HT-7481-01Z-00-DX1.19124734-8096-44FA-ABF1-40BA8BE318DF,TCGA-HT-7481,40x,"(1.0, 4.000300745140348, 16.004815060138483)"
495,TCGA-HT-7481-01Z-00-DX3.A8785012-CACE-4B56-8B1F-07AA96B00D1D,TCGA-HT-7481,40x,"(1.0, 4.000221576280578, 16.00375514172981)"
496,TCGA-HT-7481-01Z-00-DX2.0294F8D1-3F87-4C2F-B0BF-8F620EA220DE,TCGA-HT-7481,40x,"(1.0, 4.0001713427535766, 16.001779245685064, 32.007878583009756)"
497,TCGA-HT-7482-01Z-00-DX8.2DBC3C6D-B5E8-4FE8-B73B-94B851C46E4F,TCGA-HT-7482,40x,"(1.0, 4.000073468188274, 16.00111910612457, 32.005706107077685)"
498,TCGA-HT-7482-01Z-00-DX2.33C73D10-EBD2-4AB9-AD1F-5109C3319984,TCGA-HT-7482,40x,"(1.0, 4.000128685825599, 16.000761906715724, 32.00152381343145)"
499,TCGA-HT-7482-01Z-00-DX3.8C1621A1-2C68-49CC-A859-C1F2EA450865,TCGA-HT-7482,40x,"(1.0, 4.000249635083403, 16.00436418098179, 32.019391245374266)"
500,TCGA-HT-7482-01Z-00-DX9.694E652E-F952-414C-8295-5810C64454E3,TCGA-HT-7482,40x,"(1.0, 4.0001610479821235, 16.001715596801105, 32.00853059176561)"
501,TCGA-HT-7482-01Z-00-DX5.07FE2627-7614-4877-858A-1665A8CA20C9,TCGA-HT-7482,40x,"(1.0, 4.000204080042193, 16.00352235026044)"
502,TCGA-HT-7482-01Z-00-DX7.1A44DE01-A7D4-40AE-885D-4F72153176FD,TCGA-HT-7482,40x,"(1.0, 4.00007371640359, 16.00109820616965, 32.00433915581827)"
503,TCGA-HT-7482-01Z-00-DX4.5B6C52B2-6DE5-46CC-B8C6-97F1E6DA0EF8,TCGA-HT-7482,40x,"(1.0, 4.0002606719976095, 16.004493576949287)"
504,TCGA-HT-7482-01Z-00-DX6.3A26CFA8-910B-42C1-B611-E4A6B4F2AEEC,TCGA-HT-7482,40x,"(1.0, 4.000212342290147, 16.001164388701003, 32.01466613319107)"
505,TCGA-HT-7482-01Z-00-DX1.A56F0B29-767B-48C6-A522-7A94F868889B,TCGA-HT-7482,40x,"(1.0, 4.000337664012442, 16.00258689321405)"
506,TCGA-HT-7483-01Z-00-DX1.7241DF0C-1881-4366-8DD9-11BF8BDD6FBF,TCGA-HT-7483,40x,"(1.0, 4.000261141695065, 16.006390857986304)"
507,TCGA-HT-7483-01Z-00-DX2.2CE33B83-B54E-4FA0-9557-09499AAA82A6,TCGA-HT-7483,40x,"(1.0, 4.000140472972994, 16.001048769029204, 32.00209753805841)"
508,TCGA-HT-7483-01Z-00-DX3.8925671C-F20F-413B-A1E6-A021CC70D8F1,TCGA-HT-7483,40x,"(1.0, 4.0001433232240835, 16.002473321533873, 32.00896567019119)"
509,TCGA-HT-7483-01Z-00-DX4.5CCB4D5F-F04F-49F2-BD87-40CBEB82B78B,TCGA-HT-7483,40x,"(1.0, 4.000125961801482, 16.00208542869934, 32.00746740494968)"
510,TCGA-HT-7485-01Z-00-DX1.37BA9895-CDC8-4EE9-8264-233C19ADA0FE,TCGA-HT-7485,40x,"(1.0, 4.000104396461543, 16.00121960626057, 32.00243921252114)"
511,TCGA-HT-7601-01Z-00-DX5.13E2DAEC-96D7-4662-A1F3-7EAF748D33DE,TCGA-HT-7601,40x,"(1.0, 4.000159526708067, 16.001948073147165, 32.00756982046167)"
512,TCGA-HT-7601-01Z-00-DX3.7CD5CD4C-F937-4931-A811-4DF8DDCD9C47,TCGA-HT-7601,40x,"(1.0, 4.000081411126187, 16.00075987841945, 32.00477046793196)"
513,TCGA-HT-7601-01Z-00-DX4.5ADFB354-2907-4615-9627-10535D06211E,TCGA-HT-7601,40x,"(1.0, 4.0002004537571585, 16.00187102924848, 32.00741552190607)"
514,TCGA-HT-7601-01Z-00-DX2.CF1F7F86-5B2B-4A72-9128-56079A376CB2,TCGA-HT-7601,40x,"(1.0, 4.000109512408557, 16.002620468512035, 32.00524093702407)"
515,TCGA-HT-7601-01Z-00-DX1.F53B99B0-5123-41C1-9AB0-A0A786D6727F,TCGA-HT-7601,40x,"(1.0, 4.000096584902793, 16.000649711928723, 32.001299423857446)"
516,TCGA-HT-7602-01Z-00-DX1.6CF85DA2-1BCC-47ED-BFB6-1149510273A6,TCGA-HT-7602,40x,"(1.0, 4.0001557166931345, 16.00182797340338, 32.01201890635399)"
517,TCGA-HT-7602-01Z-00-DX3.7C695E52-525C-4BC8-8CA9-B79A8C17DC70,TCGA-HT-7602,40x,"(1.0, 4.000079268614913, 16.002356336588086, 32.00471267317617)"
518,TCGA-HT-7602-01Z-00-DX2.7DA69565-ACB1-4EB5-BE8E-D653B4BDDAB7,TCGA-HT-7602,40x,"(1.0, 4.00015084177468, 16.00090649787066, 32.00582522043244)"
519,TCGA-HT-7603-01Z-00-DX2.B0E9C599-9BFB-45F1-8989-326A89CC05D0,TCGA-HT-7603,40x,"(1.0, 4.000062753629251, 16.00245763493514, 32.00759396261556)"
520,TCGA-HT-7603-01Z-00-DX3.78EEF143-9CBB-43E8-B070-622A0E324D74,TCGA-HT-7603,40x,"(1.0, 4.000115824603771, 16.001219049271025, 32.005173345785934)"
521,TCGA-HT-7603-01Z-00-DX1.FACE593F-FFD2-4A1B-B7ED-B05D50F06E44,TCGA-HT-7603,40x,"(1.0, 4.000108721609541, 16.00175106337853, 32.00350212675706)"
522,TCGA-HT-7604-01Z-00-DX1.6889187F-B89A-4CC0-8224-709DFF523FEE,TCGA-HT-7604,40x,"(1.0, 4.000232898022061, 16.003844312794)"
523,TCGA-HT-7605-01Z-00-DX4.05B0D4D8-29B6-4547-B3C0-22B547BDC061,TCGA-HT-7605,40x,"(1.0, 4.000116339624208, 16.001612919157896, 32.00322583831579)"
524,TCGA-HT-7605-01Z-00-DX2.B8FE3450-CB38-49E2-9486-F20388AA1246,TCGA-HT-7605,40x,"(1.0, 4.000059062093948, 16.00143349111868, 32.00538763481074)"
525,TCGA-HT-7605-01Z-00-DX1.CDE02BA4-CE97-4542-BB96-C3D568A32217,TCGA-HT-7605,40x,"(1.0, 4.000051933663401, 16.001038781163437, 32.002077562326875)"
526,TCGA-HT-7605-01Z-00-DX3.BB430C7D-552A-4C45-86DA-4FF69641DAAC,TCGA-HT-7605,40x,"(1.0, 4.00012939166076, 16.001207708358947, 32.002415416717895)"
527,TCGA-HT-7606-01Z-00-DX2.6A6AB593-4A06-4670-97CD-48EF2BEB5403,TCGA-HT-7606,40x,"(1.0, 4.0001313933466776, 16.001624120567516, 32.00643085595476)"
528,TCGA-HT-7606-01Z-00-DX1.A30069C4-4819-421F-8A67-FE7457440229,TCGA-HT-7606,40x,"(1.0, 4.000056833251241, 16.001676157876577, 32.00640852113669)"
529,TCGA-HT-7607-01Z-00-DX14.514891AD-3FA4-4827-8235-6F18872A1043,TCGA-HT-7607,40x,"(1.0, 4.000057853630315, 16.000694283730617, 32.007729375717176)"
530,TCGA-HT-7607-01Z-00-DX10.8C411A60-316A-469B-85D4-585A8C4DF4CE,TCGA-HT-7607,40x,"(1.0, 4.0, 16.001215805471126, 32.00677000573617)"
531,TCGA-HT-7607-01Z-00-DX15.B88FA0F5-7626-46C8-B81C-48AC95E4AF63,TCGA-HT-7607,40x,"(1.0, 4.0, 16.002427057245825, 32.00485411449165)"
532,TCGA-HT-7607-01Z-00-DX1.7FD5F49C-1CF7-499A-BA47-10812135FAC5,TCGA-HT-7607,40x,"(1.0, 4.000024681607266, 16.001554293756836, 32.00577192495314)"
533,TCGA-HT-7607-01Z-00-DX5.9A0644C6-3BAD-4DEE-BD7D-190588FC4213,TCGA-HT-7607,40x,"(1.0, 4.0, 16.00243020131829, 32.00486040263658)"
534,TCGA-HT-7607-01Z-00-DX4.78928E09-95F8-4B61-A6F1-D8871D83DBEF,TCGA-HT-7607,40x,"(1.0, 4.000025700334104, 16.001336623483446, 32.00596462361168)"
535,TCGA-HT-7607-01Z-00-DX12.E73A8E80-AC6D-4A80-81AD-4C6050F9D5CA,TCGA-HT-7607,40x,"(1.0, 4.000029870362626, 16.00229236255272, 32.00458472510544)"
536,TCGA-HT-7607-01Z-00-DX3.75A7F94A-9EE2-4F35-A75E-8E7E0FFF2829,TCGA-HT-7607,40x,"(1.0, 4.000026313019682, 16.000947368421052, 32.00517476964244)"
537,TCGA-HT-7607-01Z-00-DX9.13EA5176-70AC-420D-9E05-EBED338B1ABC,TCGA-HT-7607,40x,"(1.0, 4.0, 16.001052631578947, 32.002105263157894)"
538,TCGA-HT-7607-01Z-00-DX7.3BED3F8D-421D-40FD-91AF-38AD307639D0,TCGA-HT-7607,40x,"(1.0, 4.000058302238806, 16.000972034223047, 32.00194406844609)"
539,TCGA-HT-7607-01Z-00-DX2.8989537E-4871-42A4-94B8-260A341E2C9C,TCGA-HT-7607,40x,"(1.0, 4.00004840739665, 16.00174103920017, 32.00348207840034)"
540,TCGA-HT-7607-01Z-00-DX8.035D15F7-4627-463B-BCA0-293D3980DBE9,TCGA-HT-7607,40x,"(1.0, 4.000031617554066, 16.001138375917023, 32.006325910931174)"
541,TCGA-HT-7607-01Z-00-DX16.3B3E33BB-2B4A-4600-8474-62AFCC9F99A4,TCGA-HT-7607,40x,"(1.0, 4.00007640586797, 16.00030562347188, 32.00347247727281)"
542,TCGA-HT-7607-01Z-00-DX11.A1199519-53A0-4829-9EC4-3733424448ED,TCGA-HT-7607,40x,"(1.0, 4.0000671110912265, 16.0021151995317, 32.007095183310454)"
543,TCGA-HT-7607-01Z-00-DX6.E06E482D-DBB9-4BBE-BD34-DE76AC8BFD56,TCGA-HT-7607,40x,"(1.0, 4.000096363869973, 16.002334540710528, 32.012468280761)"
544,TCGA-HT-7607-01Z-00-DX17.4EA311DA-943A-415A-B2C6-19B7D20231AF,TCGA-HT-7607,40x,"(1.0, 4.000027256868731, 16.000900010271046, 32.004964890392884)"
545,TCGA-HT-7607-01Z-00-DX13.F877AA04-2938-40C2-A540-52976238909F,TCGA-HT-7607,40x,"(1.0, 4.0, 16.000693120776297, 32.00688609844068)"
546,TCGA-HT-7608-01Z-00-DX1.75E16CEE-44C7-43C1-91BB-AB9EC4385419,TCGA-HT-7608,40x,"(1.0, 4.000066937391226, 16.00189785134026, 32.00719182877326)"
547,TCGA-HT-7608-01Z-00-DX6.90E11B10-2543-4534-8523-F15EA688C729,TCGA-HT-7608,40x,"(1.0, 4.000079997485663, 16.000993769929607, 32.001987539859215)"
548,TCGA-HT-7608-01Z-00-DX7.5BF92F1C-85A7-4207-853B-57F35965AEA0,TCGA-HT-7608,40x,"(1.0, 4.0001232219785265, 16.00225420916242, 32.01103053543186)"
549,TCGA-HT-7608-01Z-00-DX8.A4CCDD50-F1B3-4AA8-B326-A068D2D7A036,TCGA-HT-7608,40x,"(1.0, 4.000081411126187, 16.001457350084667, 32.00570531665753)"
550,TCGA-HT-7608-01Z-00-DX9.3847E9F0-3C6B-413B-9992-4667BDB03E31,TCGA-HT-7608,40x,"(1.0, 4.000124368480133, 16.00142442800345, 32.005321401946034)"
551,TCGA-HT-7608-01Z-00-DX4.0033D152-AAC0-4BCA-8E34-07F4385F92D1,TCGA-HT-7608,40x,"(1.0, 4.000098999868637, 16.001056364571056, 32.00211272914211)"
552,TCGA-HT-7608-01Z-00-DX5.5F3FC71C-11AD-4745-8867-657557D196E2,TCGA-HT-7608,40x,"(1.0, 4.000121097103772, 16.001484107501323, 32.008136696122705)"
553,TCGA-HT-7608-01Z-00-DX2.E2E57BF2-D8AC-4414-B5CE-8D50FE1B183D,TCGA-HT-7608,40x,"(1.0, 4.0000752899505745, 16.001349114984848, 32.007980528216805)"
554,TCGA-HT-7608-01Z-00-DX3.67EA3645-3674-453C-9AD7-46A2EA060905,TCGA-HT-7608,40x,"(1.0, 4.000079268614913, 16.00239175024052, 32.00478350048104)"
555,TCGA-HT-7609-01Z-00-DX5.E03C11A8-957A-4B22-8699-5D6C6511A1D6,TCGA-HT-7609,40x,"(1.0, 4.000060243383269, 16.001652941184936, 32.00689031244529)"
556,TCGA-HT-7609-01Z-00-DX2.2A900746-05ED-4C54-9A2C-3247FC46465F,TCGA-HT-7609,40x,"(1.0, 4.0001135987696035, 16.001931478377447, 32.0068507486524)"
557,TCGA-HT-7609-01Z-00-DX3.D3050BBE-3F54-4662-9867-608D69759599,TCGA-HT-7609,40x,"(1.0, 4.0000684587650035, 16.002172414385914, 32.01048034358031)"
558,TCGA-HT-7609-01Z-00-DX1.8989643C-6505-468E-BEE4-8F105D4CE4A0,TCGA-HT-7609,40x,"(1.0, 4.000154913865182, 16.001623871069242, 32.009859752799656)"
559,TCGA-HT-7609-01Z-00-DX4.01359B55-A14D-4986-99C7-CA16262354A1,TCGA-HT-7609,40x,"(1.0, 4.000066937391226, 16.001074619420514, 32.00214923884103)"
560,TCGA-HT-7610-01Z-00-DX1.2817EDDA-8B51-4796-B830-DE12FD7998F0,TCGA-HT-7610,40x,"(1.0, 4.000167218719915, 16.00276072286638, 32.00785872623898)"
561,TCGA-HT-7610-01Z-00-DX3.8BF3E549-C558-4179-9AA3-7972C451A8AF,TCGA-HT-7610,40x,"(1.0, 4.000155788739843, 16.002198005165866, 32.01253453774761)"
562,TCGA-HT-7610-01Z-00-DX2.FA27FEBA-2400-451A-9E7E-492D150AAAA7,TCGA-HT-7610,40x,"(1.0, 4.00012135926692, 16.001680111546797, 32.006350004049864)"
563,TCGA-HT-7611-01Z-00-DX1.AE487FF3-EF5A-4CE5-8618-20F234A59F1E,TCGA-HT-7611,40x,"(1.0, 4.00002715325296, 16.00097762328916, 64.03234404536862)"
564,TCGA-HT-7616-01Z-00-DX2.7CA6A88F-9A91-432B-9D52-9780BEF6DE6F,TCGA-HT-7616,40x,"(1.0, 4.000121100603426, 16.000787533185644, 32.00157506637129)"
565,TCGA-HT-7616-01Z-00-DX1.480841A6-F62C-4E95-A4EA-8DC975894933,TCGA-HT-7616,40x,"(1.0, 4.000163561283308, 16.001526656923915, 32.0060430948041)"
566,TCGA-HT-7620-01Z-00-DX3.4C2C87F9-D172-4D05-BFEC-579CB1406782,TCGA-HT-7620,40x,"(1.0, 4.0000640888699, 16.001002147140074, 32.00797202797203)"
567,TCGA-HT-7620-01Z-00-DX4.5114FD3F-C228-4204-ABDD-91D7742FA32C,TCGA-HT-7620,40x,"(1.0, 4.000168992266067, 16.002901728009824, 32.00963366956888)"
568,TCGA-HT-7620-01Z-00-DX2.B41E3E8E-CC4C-4EFE-B7AB-4DC51AD5C558,TCGA-HT-7620,40x,"(1.0, 4.000150272739106, 16.003538908068666, 32.01491537846482)"
569,TCGA-HT-7620-01Z-00-DX5.E88271BE-B362-4F17-96DF-31E421AA3143,TCGA-HT-7620,40x,"(1.0, 4.000121345531516, 16.0037741758672, 32.0075483517344)"
570,TCGA-HT-7620-01Z-00-DX1.109AADE8-D0F0-4D60-86C6-2B7C9377C0AE,TCGA-HT-7620,40x,"(1.0, 4.000100408327198, 16.00200856989823, 32.00401713979646)"
571,TCGA-HT-7676-01Z-00-DX1.620807AD-D67D-4705-A0AF-0FDCBD0B1C83,TCGA-HT-7676,40x,"(1.0, 4.000158545608286, 16.001479915433404)"
572,TCGA-HT-7677-01Z-00-DX2.206C6C4F-4C08-4EDD-A55D-81576B433F6F,TCGA-HT-7677,40x,"(1.0, 4.000309877327415, 16.002085242309917)"
573,TCGA-HT-7677-01Z-00-DX6.E44148AE-9EA0-4AA6-8893-4C325F26B95E,TCGA-HT-7677,40x,"(1.0, 4.000159790513242, 16.00316870382047, 32.00633740764094)"
574,TCGA-HT-7677-01Z-00-DX3.357F25D7-5314-4EE2-A7A0-CF28742EDB0E,TCGA-HT-7677,40x,"(1.0, 4.000288596193446, 16.00383318033809)"
575,TCGA-HT-7677-01Z-00-DX8.A45BF8C9-024C-4466-B63E-07D0B3F7F8AB,TCGA-HT-7677,40x,"(1.0, 4.000066937391226, 16.001742719850313, 32.006467593238824)"
576,TCGA-HT-7677-01Z-00-DX1.F77F6FA2-116E-417A-9BB8-279FF089A69E,TCGA-HT-7677,40x,"(1.0, 4.000136923779096, 16.002739225712197)"
577,TCGA-HT-7677-01Z-00-DX7.C2762524-C070-4F71-86BE-57CFD74BF67A,TCGA-HT-7677,40x,"(1.0, 4.000165457144775, 16.00280958301454, 32.00561916602908)"
578,TCGA-HT-7677-01Z-00-DX5.A36DB19E-18E7-46B1-96F7-5AE56BEA8258,TCGA-HT-7677,40x,"(1.0, 4.000330972938217, 16.005586016602468)"
579,TCGA-HT-7677-01Z-00-DX9.5C333BE4-EC49-4EC8-BC5D-590D22413768,TCGA-HT-7677,40x,"(1.0, 4.000065482167024, 16.002880084442438, 32.009949472690934)"
580,TCGA-HT-7677-01Z-00-DX4.9B04ABC5-09D2-4F3F-A0F7-7334C4CB06FC,TCGA-HT-7677,40x,"(1.0, 4.000073468188274, 16.0012049474767, 32.0024098949534)"
581,TCGA-HT-7680-01Z-00-DX1.112866BF-8B2F-4007-8F61-FACFC66CDA6C,TCGA-HT-7680,40x,"(1.0, 4.000071718862061, 16.001434583014536, 32.00286916602907)"
582,TCGA-HT-7680-01Z-00-DX3.C157242E-F4D2-4246-8016-B0A44C4C4AAD,TCGA-HT-7680,40x,"(1.0, 4.000108148647259, 16.002163257689737, 32.004326515379475)"
583,TCGA-HT-7680-01Z-00-DX2.97354FFD-A8D4-400F-9FEA-7C69C47D4A57,TCGA-HT-7680,40x,"(1.0, 4.000140322909818, 16.000918318939767, 32.001836637879535)"
584,TCGA-HT-7681-01Z-00-DX3.A0D6EA07-784E-40B6-B4D9-1A1C5AF07EDE,TCGA-HT-7681,40x,"(1.0, 4.000161967839851, 16.0026527517848, 32.01000361310575)"
585,TCGA-HT-7681-01Z-00-DX2.81861B5B-D288-47BD-8036-522E4A3EDAE9,TCGA-HT-7681,40x,"(1.0, 4.000086063457456, 16.001355029164326, 32.010798837258804)"
586,TCGA-HT-7681-01Z-00-DX4.E3A1EB6E-5F17-4D87-B4A6-4E5C4F049BD7,TCGA-HT-7681,40x,"(1.0, 4.000137025760402, 16.002740894472836, 32.008696536364944)"
587,TCGA-HT-7681-01Z-00-DX1.DF3E914B-2F70-4225-BAF6-79F611E1E505,TCGA-HT-7681,40x,"(1.0, 4.000097169139082, 16.001392289815108, 32.010816007086525)"
588,TCGA-HT-7684-01Z-00-DX7.9F39DEB0-7E7E-4B29-BC24-4787A867472A,TCGA-HT-7684,40x,"(1.0, 4.0, 16.0, 32.0)"
589,TCGA-HT-7684-01Z-00-DX3.9B492026-0A0D-4CCD-8676-5E521A8D6A2B,TCGA-HT-7684,40x,"(1.0, 4.000131085729677, 16.002622065934887, 32.008458879289044)"
590,TCGA-HT-7684-01Z-00-DX1.7499FC8D-DB42-4516-B14F-F0ED3BBEE87D,TCGA-HT-7684,40x,"(1.0, 4.0001083134918884, 16.00113588403874, 32.00527047951434)"
591,TCGA-HT-7684-01Z-00-DX4.2EB29D5E-88AD-4554-A752-85144430191B,TCGA-HT-7684,40x,"(1.0, 4.00015403693911, 16.002642047339457, 32.00879801978402)"
592,TCGA-HT-7684-01Z-00-DX6.C15A2911-8452-4276-9FBC-B374A645F0D7,TCGA-HT-7684,40x,"(1.0, 4.0, 16.00039277297722, 32.00316578992945)"
593,TCGA-HT-7684-01Z-00-DX2.05D7C8C8-2DDB-4722-A4F9-466FDBCD66AA,TCGA-HT-7684,40x,"(1.0, 4.000155508312561, 16.002344231625912, 32.00826063902572)"
594,TCGA-HT-7684-01Z-00-DX5.E8C6D6FE-D37E-4E31-9321-CB725674B0B4,TCGA-HT-7684,40x,"(1.0, 4.000138716826806, 16.00211888792073, 32.00423777584146)"
595,TCGA-HT-7686-01Z-00-DX2.17E34786-0450-4752-878B-D12DE2D8877D,TCGA-HT-7686,40x,"(1.0, 4.000117191708474, 16.001564294563728, 32.00605093001964)"
596,TCGA-HT-7686-01Z-00-DX1.BBFB6833-AB78-4B58-B996-20A0D57C7713,TCGA-HT-7686,40x,"(1.0, 4.000209016023305, 16.002511873449308, 32.005023746898615)"
597,TCGA-HT-7686-01Z-00-DX3.7B4FA34C-A4FB-49EC-B150-943FE2778642,TCGA-HT-7686,40x,"(1.0, 4.000138250503332, 16.001670801970008, 32.003341603940015)"
598,TCGA-HT-7687-01Z-00-DX1.2A5DF71F-16A7-4F8B-B348-E407950A785F,TCGA-HT-7687,40x,"(1.0, 4.0, 16.00108045632883, 32.00555956377008)"
599,TCGA-HT-7687-01Z-00-DX4.C225C0CD-3031-4916-9DE6-5A00B0B03913,TCGA-HT-7687,40x,"(1.0, 4.0, 16.0, 32.009275591661456)"
600,TCGA-HT-7687-01Z-00-DX2.BA0E7F48-D2C3-4048-ABDB-023FF423C277,TCGA-HT-7687,40x,"(1.0, 4.000066849388328, 16.002908696294305, 32.014246521996355)"
601,TCGA-HT-7687-01Z-00-DX3.C372372B-F306-448E-9941-060D645A3BC5,TCGA-HT-7687,40x,"(1.0, 4.000067199784961, 16.00178016144737, 32.00356032289474)"
602,TCGA-HT-7688-01Z-00-DX4.C00143AB-3138-400D-A9CB-7632401C436A,TCGA-HT-7688,40x,"(1.0, 4.0, 16.0, 32.00279427174293)"
603,TCGA-HT-7688-01Z-00-DX2.3806A86D-E640-41C3-B6D8-960A10BC1659,TCGA-HT-7688,40x,"(1.0, 4.000021759944294, 16.000783426183844, 32.00413754645509)"
604,TCGA-HT-7688-01Z-00-DX6.60476286-58E7-4EEB-A25B-5A01A1CACC0F,TCGA-HT-7688,40x,"(1.0, 4.0, 16.000793493354493, 32.00476190476191)"
605,TCGA-HT-7688-01Z-00-DX7.D612A078-789A-4B99-B08A-1441C48DEE16,TCGA-HT-7688,40x,"(1.0, 4.0, 16.000428265524626, 32.00323677502426)"
606,TCGA-HT-7688-01Z-00-DX1.3F05DC67-1EB1-461D-A51D-E38B99CBFCD1,TCGA-HT-7688,40x,"(1.0, 4.000026105570929, 16.000522138680033, 32.001044277360066)"
607,TCGA-HT-7688-01Z-00-DX3.26184958-7A53-40E5-B2C4-773266C369EA,TCGA-HT-7688,40x,"(1.0, 4.000068756875688, 16.000275027502752, 32.0027661214875)"
608,TCGA-HT-7688-01Z-00-DX5.5616D7EA-CF62-4292-B4E0-799F7F626CE7,TCGA-HT-7688,40x,"(1.0, 4.0, 16.0, 32.0032401782098)"
609,TCGA-HT-7688-01Z-00-DX8.C5CFF3A7-F838-496D-B66F-E392020A5427,TCGA-HT-7688,40x,"(1.0, 4.00003643252696, 16.00014573010784, 32.00801671198592)"
610,TCGA-HT-7688-01Z-00-DX9.16051FC4-9676-42F4-B5AD-6614D0286BC5,TCGA-HT-7688,40x,"(1.0, 4.000028686173264, 16.00168855845314, 32.0070506856945)"
611,TCGA-HT-7689-01Z-00-DX3.8AE3ABC7-70E8-4804-94B2-C274ACBCA2CC,TCGA-HT-7689,40x,"(1.0, 4.000086771413022, 16.000674964582068, 32.00458883653016)"
612,TCGA-HT-7689-01Z-00-DX1.CA72DCB2-9BE2-451C-B4B1-448D7F2B396A,TCGA-HT-7689,40x,"(1.0, 4.000212472260347, 16.003563118632655, 32.01619799337261)"
613,TCGA-HT-7689-01Z-00-DX2.EAC06066-F666-48C5-8919-8C231ECEAB2C,TCGA-HT-7689,40x,"(1.0, 4.0000684587650035, 16.002532378878236, 32.01108952711554)"
614,TCGA-HT-7690-01Z-00-DX4.805125C0-C3B6-4CEB-BFD2-312200E372AC,TCGA-HT-7690,40x,"(1.0, 4.000073468188274, 16.002000084979414, 32.007506442679386)"
615,TCGA-HT-7690-01Z-00-DX3.B310C337-0508-4731-A307-5BA379676132,TCGA-HT-7690,40x,"(1.0, 4.0001818527048245, 16.001697395288716, 32.007542487296305)"
616,TCGA-HT-7690-01Z-00-DX2.70B38C74-164C-466F-BE38-983466C22733,TCGA-HT-7690,40x,"(1.0, 4.000073468188274, 16.00122006742785, 32.006716208789825)"
617,TCGA-HT-7690-01Z-00-DX1.C810C130-7583-4700-B6B4-EE48175A1BE4,TCGA-HT-7690,40x,"(1.0, 4.0001871512386185, 16.00201715417347, 32.00403430834694)"
618,TCGA-HT-7691-01Z-00-DX1.A018D8AE-2488-471B-8B37-D84B93B9AEB7,TCGA-HT-7691,40x,"(1.0, 4.0, 16.001190121987506)"
619,TCGA-HT-7691-01Z-00-DX2.E8D201A1-C6C4-4F8C-9D5A-6DF1F8D566EB,TCGA-HT-7691,40x,"(1.0, 4.0000301459061856, 16.00174112120709, 32.00348224241418)"
620,TCGA-HT-7692-01Z-00-DX1.F58C6AFF-315C-4FEC-80CB-51FB4976246B,TCGA-HT-7692,40x,"(1.0, 4.000074511946749, 16.002054158907235, 32.00410831781447)"
621,TCGA-HT-7693-01Z-00-DX2.7BF80AA3-52C6-4AA2-B85E-93BF3F906EA9,TCGA-HT-7693,40x,"(1.0, 4.000026802465827, 16.001393952391165, 32.0062205062205)"
622,TCGA-HT-7693-01Z-00-DX3.DB0FD2D2-082F-4CAC-A0E7-58BAACCA5299,TCGA-HT-7693,40x,"(1.0, 4.000069603953504, 16.00194931773879, 32.01141698972535)"
623,TCGA-HT-7693-01Z-00-DX1.1289590F-3294-4874-9799-73868886F279,TCGA-HT-7693,40x,"(1.0, 4.00006520179957, 16.001466116435026, 32.005667509329484)"
624,TCGA-HT-7694-01Z-00-DX7.73677CFA-E7DC-483E-8EC9-E6CE9FCBBAF3,TCGA-HT-7694,40x,"(1.0, 4.0, 16.002031878797442, 32.00739344888899)"
625,TCGA-HT-7694-01Z-00-DX4.E855393D-C8C1-4449-9F64-226DACA4BD89,TCGA-HT-7694,40x,"(1.0, 4.000070455612963, 16.00166346654857, 32.00584761048229)"
626,TCGA-HT-7694-01Z-00-DX3.1C5DB315-C10D-46DB-B278-576B40B6150A,TCGA-HT-7694,40x,"(1.0, 4.0, 16.000612182430366, 32.01040864783025)"
627,TCGA-HT-7694-01Z-00-DX6.6CA051B4-B862-4630-86BE-6E6CF5575C78,TCGA-HT-7694,40x,"(1.0, 4.000022920009168, 16.001798248717705, 32.00653163756909)"
628,TCGA-HT-7694-01Z-00-DX5.D7561F24-C805-4E32-84C1-BE3FD1767AEC,TCGA-HT-7694,40x,"(1.0, 4.000084488002704, 16.00123929698062, 32.00247859396124)"
629,TCGA-HT-7694-01Z-00-DX8.862B28F9-2900-440F-9D9C-067F301D15E0,TCGA-HT-7694,40x,"(1.0, 4.000025980774227, 16.00110383994471, 32.007871601123135)"
630,TCGA-HT-7694-01Z-00-DX2.B2566D8B-A389-4B3A-807A-AE916A73730B,TCGA-HT-7694,40x,"(1.0, 4.000111292476628, 16.002500964387956, 32.009753492037134)"
631,TCGA-HT-7694-01Z-00-DX1.77DBCFB4-FC72-4875-AD95-53350F4A10E7,TCGA-HT-7694,40x,"(1.0, 4.000036903092479, 16.001928238314637, 32.0133448654122)"
632,TCGA-HT-7695-01Z-00-DX1.30F75635-FD99-4F2C-9E03-2A7F9A78F6EC,TCGA-HT-7695,40x,"(1.0, 4.000031891822937, 16.00114825210513, 32.01132518230651)"
633,TCGA-HT-7695-01Z-00-DX2.4F0E4092-5F35-4689-AD3D-C5402BAB0F60,TCGA-HT-7695,40x,"(1.0, 4.000048995590397, 16.001564205298806, 32.005465712437356)"
634,TCGA-HT-7854-01Z-00-DX2.FDFCD4CA-A809-4DDF-A680-FB4A6948F575,TCGA-HT-7854,40x,"(1.0, 4.0, 16.0, 32.00279427174293)"
635,TCGA-HT-7854-01Z-00-DX1.63CAF3A9-E062-4786-8E60-5AB0FC5CF280,TCGA-HT-7854,40x,"(1.0, 4.000028173775849, 16.002179314742996, 32.00435862948599)"
636,TCGA-HT-7855-01Z-00-DX1.D1CFAF92-BC0B-443C-8A5A-48147BD0FB84,TCGA-HT-7855,40x,"(1.0, 4.000073468188274, 16.001073333576343, 32.00214666715269)"
637,TCGA-HT-7856-01Z-00-DX4.9816D098-FCEC-42A0-8279-CF302F43DF7E,TCGA-HT-7856,40x,"(1.0, 4.000067710919515, 16.00109765485243, 64.02340491908322)"
638,TCGA-HT-7856-01Z-00-DX9.FC0DFB62-9704-4BAA-A48C-F53BEB00AE40,TCGA-HT-7856,40x,"(1.0, 4.000149454624058, 16.0029895461225, 32.00956407420344)"
639,TCGA-HT-7856-01Z-00-DX6.1ABB43A8-B343-479E-8302-A156EE83CD35,TCGA-HT-7856,40x,"(1.0, 4.000021763732915, 16.000783562597945, 32.00714815540716)"
640,TCGA-HT-7856-01Z-00-DX3.A795080A-8724-45FA-BB57-7F155CECC55B,TCGA-HT-7856,40x,"(1.0, 4.000021745748706, 16.000929249263258, 32.001858498526516)"
641,TCGA-HT-7856-01Z-00-DX1.E74F6803-42E5-48FE-8403-556DFC347AAB,TCGA-HT-7856,40x,"(1.0, 4.0, 16.001251042535447, 32.005884748918675)"
642,TCGA-HT-7856-01Z-00-DX2.1AA60C2C-E669-4B9C-8477-016C2E27A503,TCGA-HT-7856,40x,"(1.0, 4.000067588879377, 16.001096515708394, 64.01183875557484)"
643,TCGA-HT-7856-01Z-00-DX7.6C56F340-6578-4F0C-8E65-099D99760143,TCGA-HT-7856,40x,"(1.0, 4.000079130618274, 16.000316522473096, 32.0040101308569)"
644,TCGA-HT-7856-01Z-00-DX8.AC662672-AF5D-4034-A36C-FD93CA70ACDA,TCGA-HT-7856,40x,"(1.0, 4.000088365243005, 16.002636049731322, 32.00904473860326)"
645,TCGA-HT-7856-01Z-00-DX5.39E17A43-12E3-444F-BAD4-BEFCDAB90491,TCGA-HT-7856,40x,"(1.0, 4.000026277065377, 16.000105108261508, 32.00357443229605)"
646,TCGA-HT-7857-01Z-00-DX2.B2E4366E-05CF-497E-AFA0-77E388C47E82,TCGA-HT-7857,40x,"(1.0, 4.000086063457456, 16.000803305026395, 32.00528007346189)"
647,TCGA-HT-7857-01Z-00-DX1.DEC9B8F9-FE38-42C2-AE3A-629DBF0A7E4C,TCGA-HT-7857,40x,"(1.0, 4.0000941324129276, 16.00461337818836)"
648,TCGA-HT-7858-01Z-00-DX1.5615B7B9-843B-443F-91BE-DE208A069243,TCGA-HT-7858,40x,"(1.0, 4.0, 16.0, 32.00221606648199)"
649,TCGA-HT-7858-01Z-00-DX3.509F76CA-BC5E-49AF-844A-DD58BBF32A9C,TCGA-HT-7858,40x,"(1.0, 4.000065237246119, 16.001103222819275, 32.00220644563855)"
650,TCGA-HT-7858-01Z-00-DX2.81FBFB02-3710-49F6-8287-7D66043056AD,TCGA-HT-7858,40x,"(1.0, 4.0, 16.001291536097114, 32.007750479212135)"
651,TCGA-HT-7858-01Z-00-DX4.7F6E369E-6CA5-4C61-A0B6-75C3EDDED6A9,TCGA-HT-7858,40x,"(1.0, 4.000065288356909, 16.00130593766324, 32.005398815743646)"
652,TCGA-HT-7860-01Z-00-DX2.EAF4AF29-9701-423A-81F6-689852C7DEAD,TCGA-HT-7860,40x,"(1.0, 4.000089831117499, 16.00210137994121, 32.00420275988242)"
653,TCGA-HT-7860-01Z-00-DX3.B6E8472B-CCDA-479A-B262-257AA0D52EB0,TCGA-HT-7860,40x,"(1.0, 4.000024702336841, 16.001177714967813, 32.00509070639505)"
654,TCGA-HT-7860-01Z-00-DX1.2FF9CBDD-7FEE-4A41-9BE4-AF86B376FCA0,TCGA-HT-7860,40x,"(1.0, 4.000071140621294, 16.001347654445738, 32.008466890478275)"
655,TCGA-HT-7873-01Z-00-DX1.31862E90-F883-4B74-8A38-E63675C5CA81,TCGA-HT-7873,40x,"(1.0, 4.00012753475322, 16.004454588853086)"
656,TCGA-HT-7873-01Z-00-DX3.FA5456B2-A50E-42DD-A206-92089422E523,TCGA-HT-7873,40x,"(1.0, 4.000030852770578, 16.001110836830414, 32.00617283950618)"
657,TCGA-HT-7873-01Z-00-DX2.F29C3B3E-E7E2-497C-A45A-95ED48CAF790,TCGA-HT-7873,40x,"(1.0, 4.0003205128205135, 16.002504545169582)"
658,TCGA-HT-7874-01Z-00-DX5.9D6023D0-0655-4FD6-8D24-7019CE7E8ADD,TCGA-HT-7874,40x,"(1.0, 4.000075555331688, 16.001231950248005, 32.00568869099122)"
659,TCGA-HT-7874-01Z-00-DX1.5D728C37-46E8-4B21-B55E-4EA2787DF519,TCGA-HT-7874,40x,"(1.0, 4.000076734192756, 16.0011753692504, 32.00562552644054)"
660,TCGA-HT-7874-01Z-00-DX2.E36EF1D2-10E5-4AE4-AF5C-6DCA6AF636E6,TCGA-HT-7874,40x,"(1.0, 4.000029526396599, 16.001063075832743, 32.005907372400756)"
661,TCGA-HT-7874-01Z-00-DX4.C8E61749-C083-4163-B8BC-4E8BBF355778,TCGA-HT-7874,40x,"(1.0, 4.000053925798102, 16.000215703192406, 32.00381407023259)"
662,TCGA-HT-7874-01Z-00-DX3.E854DBE0-1E42-464A-8AEE-7631A91B9F59,TCGA-HT-7874,40x,"(1.0, 4.00002594437526, 16.00010377750104, 32.00326799876642)"
663,TCGA-HT-7875-01Z-00-DX1.5B9314A0-5FA4-4740-A437-01B6380C1262,TCGA-HT-7875,40x,"(1.0, 4.000140699746741, 16.002123365377965, 32.01025372273853)"
664,TCGA-HT-7875-01Z-00-DX2.FB751492-473E-4D1A-AE6E-AC3F27A367C1,TCGA-HT-7875,40x,"(1.0, 4.0, 16.00124476461719, 32.00248952923438)"
665,TCGA-HT-7877-01Z-00-DX3.F6A0A6D3-46ED-44F3-9982-149CB29AD402,TCGA-HT-7877,40x,"(1.0, 4.000033335555704, 16.00252477847497, 32.01248429542169)"
666,TCGA-HT-7877-01Z-00-DX4.024CAAF1-188E-4F2E-AAA7-E354B89478D9,TCGA-HT-7877,40x,"(1.0, 4.000024502597276, 16.00140335260315, 32.0080294040994)"
667,TCGA-HT-7877-01Z-00-DX2.FFF695A6-CC46-49AC-8E93-78076B660630,TCGA-HT-7877,40x,"(1.0, 4.000025932264924, 16.001093302281056, 32.00448562026041)"
668,TCGA-HT-7877-01Z-00-DX6.54F34D96-F632-473E-BBCE-13EFE52100F8,TCGA-HT-7877,40x,"(1.0, 4.0000491545418795, 16.000836925515046, 32.00423569550891)"
669,TCGA-HT-7877-01Z-00-DX5.28DBF339-025B-4C87-ADF9-A49C13B51251,TCGA-HT-7877,40x,"(1.0, 4.0000263213308065, 16.00100174431023, 32.0053733729024)"
670,TCGA-HT-7877-01Z-00-DX1.F9F0B3D4-6802-49DC-8540-DF329FE1379D,TCGA-HT-7877,40x,"(1.0, 4.0, 16.003432666534614, 32.01821233537332)"
671,TCGA-HT-7879-01Z-00-DX2.1F7DF69E-64B9-4B29-B4EE-FDE88E51E1F2,TCGA-HT-7879,40x,"(1.0, 4.0, 16.002419455351045, 32.00937727378111)"
672,TCGA-HT-7879-01Z-00-DX1.4ACC4CED-056B-4F63-86E6-D08206991030,TCGA-HT-7879,40x,"(1.0, 4.000028493275587, 16.00079761692392, 32.007978533094814)"
673,TCGA-HT-7879-01Z-00-DX3.8FE9F4DF-1A18-4A09-A796-70FEF7C512A9,TCGA-HT-7879,40x,"(1.0, 4.000092735703246, 16.002638757184716, 32.00923686867825)"
674,TCGA-HT-7880-01Z-00-DX2.3C084238-8203-4203-8F92-9CEE02922CCF,TCGA-HT-7880,40x,"(1.0, 4.000051602249858, 16.001445086705203, 32.00289017341041)"
675,TCGA-HT-7880-01Z-00-DX1.1EF457FD-80E9-4249-8436-E2BC853DF7BC,TCGA-HT-7880,40x,"(1.0, 4.000096172340834, 8.000961908426317)"
676,TCGA-HT-7881-01Z-00-DX2.B2794A3E-1243-4816-99C2-215F6521774D,TCGA-HT-7881,40x,"(1.0, 4.000167504187605, 16.00524156560256)"
677,TCGA-HT-7881-01Z-00-DX4.D87464C7-F498-4AB1-AE6E-F6F71C76CCAA,TCGA-HT-7881,40x,"(1.0, 4.00002707532355, 16.00219184464015, 32.0043836892803)"
678,TCGA-HT-7881-01Z-00-DX5.13CBB27F-AADD-4F96-9327-3C34ABD3F707,TCGA-HT-7881,40x,"(1.0, 4.000050301810865, 16.00020120724346, 32.00040241448692)"
679,TCGA-HT-7881-01Z-00-DX3.846319A7-917B-4ADE-B7A8-7E987DF43257,TCGA-HT-7881,40x,"(1.0, 4.0, 16.0, 32.0)"
680,TCGA-HT-7881-01Z-00-DX1.CA0C019C-201C-4D3B-B1BD-954E081CC3EE,TCGA-HT-7881,40x,"(1.0, 4.000216044937347, 16.00646524112872)"
681,TCGA-HT-7882-01Z-00-DX4.8B139B5B-567F-4810-A03E-4818F3FFFACF,TCGA-HT-7882,40x,"(1.0, 4.0, 16.002027150888054, 32.00405430177611)"
682,TCGA-HT-7882-01Z-00-DX3.E16AFAA3-F6A2-45D6-862E-E41AC8E4299F,TCGA-HT-7882,40x,"(1.0, 4.000026970170991, 16.002376385708445, 32.00475277141689)"
683,TCGA-HT-7882-01Z-00-DX1.B5224DF8-94F3-47F3-99F0-9D05DEB3B4BC,TCGA-HT-7882,40x,"(1.0, 4.0000552516713626, 16.00246536615875, 32.00860424841616)"
684,TCGA-HT-7882-01Z-00-DX5.2F59EB36-9950-4136-8218-490804AF4AB7,TCGA-HT-7882,40x,"(1.0, 4.000030627871363, 16.000612594952216, 32.00943200793976)"
685,TCGA-HT-7882-01Z-00-DX2.8F391B3B-6995-4594-8E60-09303EB39930,TCGA-HT-7882,40x,"(1.0, 4.0, 16.00237521299168, 32.00475042598336)"
686,TCGA-HT-7884-01Z-00-DX1.36807827-67BE-4B0A-B750-F0690B3CB091,TCGA-HT-7884,40x,"(1.0, 4.000176366843034, 16.0016462841016, 32.006927279697976)"
687,TCGA-HT-7902-01Z-00-DX2.897F6F34-7DA1-41B8-883E-A4D4378FD4EF,TCGA-HT-7902,40x,"(1.0, 4.000137833768647, 16.003225736143502, 32.006451472287004)"
688,TCGA-HT-7902-01Z-00-DX1.B9265DE0-438A-4D0E-A828-EE5019422E0C,TCGA-HT-7902,40x,"(1.0, 4.00007530498519, 16.002496915972294, 32.016138203337505)"
689,TCGA-HT-8010-01Z-00-DX1.43C29B1E-B4D4-451A-8ACC-44C016FAB6FC,TCGA-HT-8010,40x,"(1.0, 4.0, 16.000683643821567, 32.00410256410257)"
690,TCGA-HT-8011-01Z-00-DX1.C3EBC225-3BE8-4B24-9EAD-2389EB999026,TCGA-HT-8011,40x,"(1.0, 4.0, 16.000757411057556, 64.01205316815073)"
691,TCGA-HT-8012-01Z-00-DX1.6437C769-CD18-4DC2-8961-1E2C89018045,TCGA-HT-8012,40x,"(1.0, 4.0000574184657784, 16.000658076990455, 64.0207663881748)"
692,TCGA-HT-8013-01Z-00-DX1.2C2597D7-8F5C-406B-97C1-0EFD907B4FA5,TCGA-HT-8013,40x,"(1.0, 4.000023614981345, 16.00047232193463, 32.006348497943264)"
693,TCGA-HT-8015-01Z-00-DX1.A88F5665-931F-4C94-B856-5EE0E6020E84,TCGA-HT-8015,40x,"(1.0, 4.0, 16.001170617500733, 32.007025761124126)"
694,TCGA-HT-8018-01Z-00-DX1.1C1BBFD4-8C4A-4A6F-8D64-70A4F41814AF,TCGA-HT-8018,40x,"(1.0, 4.00004567461405, 16.002375730994153, 32.00813412583608)"
695,TCGA-HT-8019-01Z-00-DX1.4D6E811C-1D18-4EDF-A3B3-F8F79A160C5C,TCGA-HT-8019,40x,"(1.0, 4.000060893922786, 16.00121802679659, 32.009129554394)"
696,TCGA-HT-8104-01Z-00-DX1.3E2660DC-5A2A-45C0-8F9B-BD0838002672,TCGA-HT-8104,40x,"(1.0, 4.000095238095238, 16.000821093226023, 64.0154800755754)"
697,TCGA-HT-8105-01Z-00-DX1.71273969-B550-45A8-9336-6B30D7D08916,TCGA-HT-8105,40x,"(1.0, 4.000059290881063, 16.00118595825427, 32.00237191650854)"
698,TCGA-HT-8106-01Z-00-DX1.E6186AC8-3F27-4AB2-A89B-B44DD5199D88,TCGA-HT-8106,40x,"(1.0, 4.000068924321095, 16.002162375530148, 32.004324751060295)"
699,TCGA-HT-8107-01Z-00-DX1.7AA96D1B-FFA4-458B-9D4A-55166FD6E4C4,TCGA-HT-8107,40x,"(1.0, 4.0, 16.001014392078282, 64.01451593874614)"
700,TCGA-HT-8108-01Z-00-DX1.995485CB-F5C0-445E-9217-009AFB322AF6,TCGA-HT-8108,40x,"(1.0, 4.0001305596657675, 16.001218662952645, 32.00465339238728)"
701,TCGA-HT-8109-01Z-00-DX1.61B043DE-83D6-4EBA-B93F-8A9F1389717F,TCGA-HT-8109,40x,"(1.0, 4.000051684928675, 16.0002067397147, 32.00710474821503)"
702,TCGA-HT-8110-01Z-00-DX1.C7649C75-0A7E-49B4-9550-6C3AE1145CCB,TCGA-HT-8110,40x,"(1.0, 4.0000466157001675, 16.00018646280067, 32.00335695635957)"
703,TCGA-HT-8111-01Z-00-DX1.11CA1C04-FEFB-4D62-A051-6423FA65585C,TCGA-HT-8111,40x,"(1.0, 4.0000279282801765, 16.00145251396648, 64.0272808586762)"
704,TCGA-HT-8113-01Z-00-DX1.641F5405-47CF-41C6-8EA4-4ABD6C677A46,TCGA-HT-8113,40x,"(1.0, 4.000045189570248, 16.00054229934924, 32.00387887044141)"
705,TCGA-HT-8114-01Z-00-DX1.C91CF38E-8921-4CCB-97E7-E285E3F7E6AC,TCGA-HT-8114,40x,"(1.0, 4.000053688392569, 16.00107388316151, 32.00214776632302)"
706,TCGA-HT-8558-01Z-00-DX1.0580D6EA-4DFC-456F-AD7E-EED64753A97B,TCGA-HT-8558,40x,"(1.0, 4.000075494488902, 16.00157308317396, 32.00636835911904)"
707,TCGA-HT-8563-01Z-00-DX1.78F51983-9EAD-47AA-99B9-D3E16308926E,TCGA-HT-8563,40x,"(1.0, 4.000050823338077, 16.000917324055628, 32.005088085806804)"
708,TCGA-HT-8564-01Z-00-DX1.A5F810F9-49DF-41B5-86A4-73F630E3B517,TCGA-HT-8564,40x,"(1.0, 4.00008160156675, 16.002065385689384, 32.00761409612984)"
709,TCGA-HT-A4DS-01Z-00-DX2.178ADC93-3630-43D3-B248-915764105CEC,TCGA-HT-A4DS,40x,"(1.0, 4.000022259816579, 16.00136512261307, 32.0055805485481)"
710,TCGA-HT-A4DS-01Z-00-DX1.A4A06B93-43D3-4128-8ECF-84215E9E32E0,TCGA-HT-A4DS,40x,"(1.0, 4.0, 16.001141737417445, 64.00456694966978)"
711,TCGA-HT-A4DV-01Z-00-DX1.6F6DFF05-2F43-4E45-8C55-1A81DB16B421,TCGA-HT-A4DV,40x,"(1.0, 4.000086495213932, 16.00211980662102, 32.007931938457915)"
712,TCGA-HT-A4DV-01Z-00-DX2.702EF31E-4E34-482D-AE05-3EDEED527CAA,TCGA-HT-A4DV,40x,"(1.0, 4.000040180006429, 16.000160720025715, 32.00546623794212)"
713,TCGA-HT-A5R5-01Z-00-DX1.4C1365AB-C04C-4E31-B759-031060F2473A,TCGA-HT-A5R5,40x,"(1.0, 4.000054606017583, 16.000655307994755, 32.00131061598951)"
714,TCGA-HT-A5R7-01Z-00-DX1.710C776B-5420-42E6-8D40-C5C36D1CA603,TCGA-HT-A5R7,40x,"(1.0, 4.0, 16.000544588155208, 32.00326797385621)"
715,TCGA-HT-A5R9-01Z-00-DX1.B3EA778F-A070-4DFA-B07C-8C18B948C7F1,TCGA-HT-A5R9,40x,"(1.0, 4.000066431940477, 16.000797236247674, 32.005847953216374)"
716,TCGA-HT-A5RA-01Z-00-DX1.F5DA3E78-30A6-41C5-9B50-410E795EF591,TCGA-HT-A5RA,40x,"(1.0, 4.000083509631445, 16.00176953247592, 32.00571786249763)"
717,TCGA-HT-A5RB-01Z-00-DX1.6928817C-E954-4245-85D4-90D4501E2424,TCGA-HT-A5RB,40x,"(1.0, 4.000090541437798, 16.002847694688633, 32.01370876251869)"
718,TCGA-HT-A5RC-01Z-00-DX1.6E1C0CF0-7D7D-4F5B-8D65-451AA9AE8B61,TCGA-HT-A5RC,40x,"(1.0, 4.000078031524736, 16.001560874089492, 32.01023367420659)"
719,TCGA-HT-A614-01Z-00-DX1.B2D270F0-8C0B-4FBE-B794-3493443E47C5,TCGA-HT-A614,40x,"(1.0, 4.0, 16.00047203209818, 32.00729212940374)"
720,TCGA-HT-A615-01Z-00-DX1.454CE5AA-213B-4479-B6B9-4CEAB6EC951A,TCGA-HT-A615,40x,"(1.0, 4.000083294882398, 16.00135655916145, 32.00842584579603)"
721,TCGA-HT-A616-01Z-00-DX1.5B0373D5-0979-4C1B-B9CA-08DFDCC9057B,TCGA-HT-A616,40x,"(1.0, 4.0, 16.0, 32.004884004884005)"
722,TCGA-HT-A617-01Z-00-DX1.5865A8D2-3251-4D1C-B093-334C65ACC7A5,TCGA-HT-A617,40x,"(1.0, 4.0, 16.001325796165588, 64.02074906262632)"
723,TCGA-HT-A618-01Z-00-DX1.A79863B5-6AF4-43AF-8B34-9C16DC2FCDE1,TCGA-HT-A618,40x,"(1.0, 4.00003352105122, 16.00013408420488, 32.004560085836914)"
724,TCGA-HT-A619-01Z-00-DX1.15587DED-9F06-4295-A772-BAA51D7A2B9A,TCGA-HT-A619,40x,"(1.0, 4.000047261212723, 16.00132350160711, 32.005673222390314)"
725,TCGA-HT-A61A-01Z-00-DX1.1E02526B-2D50-482D-B4A8-F326E9CE3F55,TCGA-HT-A61A,40x,"(1.0, 4.000112283853582, 16.00307007438539, 32.01423137397508)"
726,TCGA-HT-A61B-01Z-00-DX1.4D520756-D42C-480F-B13A-E2D6B4421668,TCGA-HT-A61B,40x,"(1.0, 4.000067836596383, 16.0009892295268, 32.0019784590536)"
727,TCGA-HT-A61C-01Z-00-DX1.034BF077-8710-4F6A-B346-67740B77A277,TCGA-HT-A61C,40x,"(1.0, 4.000057954216169, 16.00162300023186, 32.0069573283859)"
728,TCGA-HT-A74H-01Z-00-DX1.07757B94-980F-4F0C-95DE-A99DEA555617,TCGA-HT-A74H,40x,"(1.0, 4.000074604595643, 16.0020680194246, 32.0041360388492)"
729,TCGA-HT-A74J-01Z-00-DX1.7D0134E1-F89A-401C-9F1E-A14B530E6663,TCGA-HT-A74J,40x,"(1.0, 4.000043500957021, 16.002963442867635)"
730,TCGA-HT-A74K-01Z-00-DX1.D1FB878B-4562-45A9-ACB1-FAAB8EA24EF7,TCGA-HT-A74K,40x,"(1.0, 4.000103921296938, 16.0026324234849, 32.0052648469698)"
731,TCGA-HT-A74L-01Z-00-DX1.E51CD31D-B564-4E49-8630-3485CE49B9B6,TCGA-HT-A74L,40x,"(1.0, 4.0, 16.0, 32.00826504861872)"
732,TCGA-HT-A74O-01Z-00-DX1.C16EB67A-110A-4336-AC84-A1A677A41244,TCGA-HT-A74O,40x,"(1.0, 4.000022274691496, 16.001158438780966, 32.00822978422781)"
733,TCGA-HW-7486-01Z-00-DX1.fc5aa2ce-c05e-40b6-934a-d44ef7feda2b,TCGA-HW-7486,40x,"(1.0, 4.000038611529403, 16.00228341196421, 32.007773718583294)"
734,TCGA-HW-7487-01Z-00-DX1.282f8f7a-b61e-45be-8490-adcecc97f326,TCGA-HW-7487,40x,"(1.0, 4.00010610535364, 16.001288387282713, 32.002576774565426)"
735,TCGA-HW-7489-01Z-00-DX1.4586f9f6-ff9b-4966-a487-769d135024dd,TCGA-HW-7489,40x,"(1.0, 4.0, 16.00027570995313, 32.00355329607886)"
736,TCGA-HW-7490-01Z-00-DX1.2109dc98-1288-4da2-963e-4544db680603,TCGA-HW-7490,40x,"(1.0, 4.000067577939105, 16.000860815713636, 32.00564903579614)"
737,TCGA-HW-7491-01Z-00-DX1.0648acf5-5dbd-47ad-96fd-52d765398718,TCGA-HW-7491,40x,"(1.0, 4.000061258324047, 16.00270364767119, 32.00926696013822)"
738,TCGA-HW-7493-01Z-00-DX1.5cb8de89-ec52-43fc-b977-7135e2b09397,TCGA-HW-7493,40x,"(1.0, 4.000109011627907, 16.002565971964238, 32.010815274841434)"
739,TCGA-HW-7495-01Z-00-DX1.6453ae00-7849-4b90-ac8f-fd32791d21b1,TCGA-HW-7495,40x,"(1.0, 4.000079749056303, 16.001077975443167, 32.004825398204105)"
740,TCGA-HW-8319-01Z-00-DX1.DB3012DE-00C2-4425-B3E4-6F5FF19CE290,TCGA-HW-8319,40x,"(1.0, 4.000044081992506, 16.000529007229765, 32.006868490419734)"
741,TCGA-HW-8320-01Z-00-DX1.71FC4C29-1D2A-4227-82B9-9D59A9AF38A0,TCGA-HW-8320,40x,"(1.0, 4.000075282308657, 16.00070267014656, 64.0202917612412)"
742,TCGA-HW-8321-01Z-00-DX1.5A8CE14C-5AD0-45E2-8C77-B4BCC1877373,TCGA-HW-8321,40x,"(1.0, 4.000024654832347, 16.00009861932939, 32.00233171037703)"
743,TCGA-HW-8322-01Z-00-DX1.B6F32F6B-7FA3-42E4-98CB-F2F55208F7C4,TCGA-HW-8322,40x,"(1.0, 4.000043965706748, 16.000950444658777, 64.0150621975115)"
744,TCGA-HW-A5KJ-01Z-00-DX1.565C251B-6B1B-4589-99E6-DD1ED951CA0C,TCGA-HW-A5KJ,40x,"(1.0, 4.0, 16.00144806321385, 32.00536392926793)"
745,TCGA-HW-A5KK-01Z-00-DX1.DBE8A4F7-456E-4094-93D8-10D3238E86DD,TCGA-HW-A5KK,40x,"(1.0, 4.000043088590141, 16.000172354360565, 64.01172413793103)"
746,TCGA-HW-A5KL-01Z-00-DX1.9BE3C44C-8738-4F55-8CCD-DBE3A92A88CE,TCGA-HW-A5KL,40x,"(1.0, 4.000049972515116, 16.00139944022391, 32.00279888044782)"
747,TCGA-HW-A5KM-01Z-00-DX1.A8D3FF2B-3E88-46E0-8EFE-E2820F352EB1,TCGA-HW-A5KM,40x,"(1.0, 4.000099285146942, 16.00110485467128, 32.00644720782804)"
748,TCGA-IK-7675-01Z-00-DX1.1afabdc4-ee6b-4a8a-8f9f-2bdead91ee76,TCGA-IK-7675,40x,"(1.0, 4.0000868809730665, 16.005895367448552, 32.01545940761629)"
749,TCGA-IK-8125-01Z-00-DX1.1491FC08-FB5D-4697-9A8C-9172FAF63C1C,TCGA-IK-8125,40x,"(1.0, 4.000065046982083, 16.00265359891477, 32.00530719782954)"
750,TCGA-KT-A74X-01Z-00-DX3.4DCD7F51-4CA2-4FAA-B2BB-9494D34C21F9,TCGA-KT-A74X,40x,"(1.0, 4.0, 16.001713495227094, 32.0087239364439)"
751,TCGA-KT-A74X-01Z-00-DX1.E6563656-1B4E-440C-8797-B78FE067390D,TCGA-KT-A74X,40x,"(1.0, 4.0, 16.000357525920627, 32.000715051841254)"
752,TCGA-KT-A74X-01Z-00-DX2.9CF10646-A8BA-44B7-B099-423861E84494,TCGA-KT-A74X,40x,"(1.0, 4.0000446368789895, 16.00125, 64.01488875154513)"
753,TCGA-KT-A7W1-01Z-00-DX1.D416EFED-F654-433B-917C-A9BE98EAA760,TCGA-KT-A7W1,40x,"(1.0, 4.000083602719875, 16.002050202815887, 32.01096578522841)"
754,TCGA-P5-A72U-01Z-00-DX1.47271109-22C2-4339-9868-CDB86166E449,TCGA-P5-A72U,40x,"(1.0, 4.000085876223736, 16.002401463336, 32.00753820313142)"
755,TCGA-P5-A72W-01Z-00-DX1.0F26308D-5394-4499-AD5C-096B7608AF45,TCGA-P5-A72W,40x,"(1.0, 4.0000667675598685, 16.00150607635958, 32.00301215271916)"
756,TCGA-P5-A72X-01Z-00-DX1.89C6551A-1AD5-49B9-9339-E213986B596D,TCGA-P5-A72X,40x,"(1.0, 4.0000667408231365, 16.00133499466002, 64.02775717548445)"
757,TCGA-P5-A72Z-01Z-00-DX1.096F894F-C7EE-4CBC-A024-26B4513126A7,TCGA-P5-A72Z,40x,"(1.0, 4.0, 16.001784662263628, 32.01071049361798)"
758,TCGA-P5-A730-01Z-00-DX1.D1267FDB-E9CF-445B-9E4F-B8D206CA7EC4,TCGA-P5-A730,40x,"(1.0, 4.0000667764768725, 16.0013357079252, 32.00773797599393)"
759,TCGA-P5-A731-01Z-00-DX1.86F64744-416E-4645-B12F-D936E174CA2D,TCGA-P5-A731,40x,"(1.0, 4.0, 16.000426803243705, 32.00423627033519)"
760,TCGA-P5-A733-01Z-00-DX1.CFA0E05F-AE51-4011-A099-3E58BB7CF592,TCGA-P5-A733,40x,"(1.0, 4.000027612105146, 16.000110448420585, 32.0037560760053)"
761,TCGA-P5-A735-01Z-00-DX1.BCFB0C97-0D3A-40E0-8925-952CFFAC7084,TCGA-P5-A735,40x,"(1.0, 4.0, 16.001533653469576, 64.02498483937701)"
762,TCGA-P5-A736-01Z-00-DX1.FCED7667-57E1-4064-89EB-75DF60076945,TCGA-P5-A736,40x,"(1.0, 4.0000453083231395, 16.001268805510243, 64.01843888409863)"
763,TCGA-P5-A737-01Z-00-DX1.221196D5-A366-499A-B4C7-8C987CCADFB6,TCGA-P5-A737,40x,"(1.0, 4.000072053031031, 16.00158361095383, 32.00316722190766)"
764,TCGA-P5-A77W-01Z-00-DX1.ECD22A66-99DC-4E3D-8006-30F16E6F8241,TCGA-P5-A77W,40x,"(1.0, 4.000139655620529, 16.001706612366444, 32.00614847197677)"
765,TCGA-P5-A77X-01Z-00-DX1.22398640-6ACD-4226-B301-E01AED3D38C1,TCGA-P5-A77X,40x,"(1.0, 4.000137652847354, 16.002753458804037, 32.00550691760807)"
766,TCGA-P5-A780-01Z-00-DX1.0C36EA77-5B13-4AA8-8C11-BF9EDC5C9153,TCGA-P5-A780,40x,"(1.0, 4.00011968377506, 16.001473627782566, 32.00294725556513)"
767,TCGA-P5-A781-01Z-00-DX1.98EFF9A5-448D-47DD-848B-29DBD40FC453,TCGA-P5-A781,40x,"(1.0, 4.000092220629046, 16.001146304872883, 32.005085966781564)"
768,TCGA-QH-A65R-01Z-00-DX1.32FE5D68-3820-4CD2-BE38-3ECB94F7A2FB,TCGA-QH-A65R,40x,"(1.0, 4.000021846463058, 16.001741858525197, 32.00628131710809)"
769,TCGA-QH-A65S-01Z-00-DX1.CEE3136E-5CFE-41A6-989C-8F61A12D9862,TCGA-QH-A65S,40x,"(1.0, 4.000044008273555, 16.0012323943662, 32.005326019061435)"
770,TCGA-QH-A65V-01Z-00-DX1.90506158-FEBB-4CE2-A017-9387A9ADDED3,TCGA-QH-A65V,40x,"(1.0, 4.000042918454936, 16.000171673819743, 32.00529512338034)"
771,TCGA-QH-A65X-01Z-00-DX1.7791978D-0E39-43A9-8834-9D1E29FA526A,TCGA-QH-A65X,40x,"(1.0, 4.000081132404144, 16.001994158488266, 32.006460862915674)"
772,TCGA-QH-A65Z-01Z-00-DX1.33A27DCF-3B96-468B-AF2C-6F394EFA44EF,TCGA-QH-A65Z,40x,"(1.0, 4.0, 16.00102594547032, 32.00503821912427)"
773,TCGA-QH-A6CS-01Z-00-DX1.E45E2C78-9287-41CB-897B-EF6349147105,TCGA-QH-A6CS,40x,"(1.0, 4.000050556117291, 16.000202224469163, 32.00662919657202)"
774,TCGA-QH-A6CU-01Z-00-DX1.617578E5-B19E-426A-98BE-CD2ADAD533B5,TCGA-QH-A6CU,40x,"(1.0, 4.000027403266469, 16.00098662573997, 32.00548245614035)"
775,TCGA-QH-A6CV-01Z-00-DX1.9DCB8BF5-AE89-4D03-9892-F689B41320D0,TCGA-QH-A6CV,40x,"(1.0, 4.000048426150121, 16.001676330898697, 32.00335266179739)"
776,TCGA-QH-A6CW-01Z-00-DX1.08892E79-CE6E-41BA-9070-740335844F2C,TCGA-QH-A6CW,40x,"(1.0, 4.000023688823613, 16.0012319939348, 32.00545240774259)"
777,TCGA-QH-A6CX-01Z-00-DX1.EBB9DC1A-C774-48BF-942F-89837EE940DE,TCGA-QH-A6CX,40x,"(1.0, 4.0, 16.00100194185251, 32.0075534990005)"
778,TCGA-QH-A6CY-01Z-00-DX1.1CB3CC89-98CA-4865-8203-E7713A412E30,TCGA-QH-A6CY,40x,"(1.0, 4.000045339136743, 16.00018135654697, 32.00256717713363)"
779,TCGA-QH-A6CZ-01Z-00-DX1.90849167-11DA-4E74-900B-6D6449099A51,TCGA-QH-A6CZ,40x,"(1.0, 4.000050342327829, 16.000201369311316, 32.00368277142296)"
780,TCGA-QH-A6X3-01Z-00-DX1.FFC6757C-ED6A-4840-801F-CAB521558AE1,TCGA-QH-A6X3,40x,"(1.0, 4.000137621886224, 16.00206906498635, 32.0100124399379)"
781,TCGA-QH-A6X4-01Z-00-DX1.59C962C6-B2F6-4156-BA5F-ADAEF54BA4D8,TCGA-QH-A6X4,40x,"(1.0, 4.000131043471881, 16.002621217547606, 32.00771498103435)"
782,TCGA-QH-A6X5-01Z-00-DX1.A5F05E37-81B8-4390-8C0B-4DD1FDBC3853,TCGA-QH-A6X5,40x,"(1.0, 4.000134607416277, 16.0020087582141, 32.00976307615134)"
783,TCGA-QH-A6X8-01Z-00-DX1.9FB9444F-980D-4C73-8241-11D44C61CCE6,TCGA-QH-A6X8,40x,"(1.0, 4.000047064729692, 16.00134154326975, 32.00469185916897)"
784,TCGA-QH-A6X9-01Z-00-DX1.D8ECA1DD-68D3-4987-9B23-1F9FA81955E0,TCGA-QH-A6X9,40x,"(1.0, 4.000124437269259, 16.001593276806865, 32.006108894505914)"
785,TCGA-QH-A6XA-01Z-00-DX1.7B4C2D32-6621-4109-8B13-7620D1E07A0D,TCGA-QH-A6XA,40x,"(1.0, 4.000071718862061, 16.00269165403905, 32.00873672680024)"
786,TCGA-QH-A6XC-01Z-00-DX1.EE39646B-3F7A-4D87-9237-1ED594C8D427,TCGA-QH-A6XC,40x,"(1.0, 4.000172856559217, 16.002633683634897, 32.012646523380674)"
787,TCGA-QH-A86X-01Z-00-DX1.20F36DDB-D007-4832-842A-8A7E3F0C2D02,TCGA-QH-A86X,40x,"(1.0, 4.000125550934257, 16.00194756954077, 32.00699888397445)"
788,TCGA-QH-A870-01Z-00-DX1.7A7F3987-7F2D-40BC-B1CA-09B0D095829F,TCGA-QH-A870,40x,"(1.0, 4.000054766512104, 16.0005111727764, 32.00335962605901)"
789,TCGA-R8-A6MK-01Z-00-DXC.F741DE76-6E81-4DCF-A99F-659C1E398FB0,TCGA-R8-A6MK,40x,"(1.0, 4.000094845748267, 16.001017275850923, 64.02448942977604)"
790,TCGA-R8-A6MK-01Z-00-DXE.7888C0C3-818C-4C36-9EC6-F708B257872A,TCGA-R8-A6MK,40x,"(1.0, 4.000148017410982, 16.001642708229536, 32.00960306125904)"
791,TCGA-R8-A6MK-01Z-00-DX9.EE697A10-D50C-48E9-93D0-6260C6D76012,TCGA-R8-A6MK,40x,"(1.0, 4.000103180645657, 16.001826200322846, 32.006674939746915)"
792,TCGA-R8-A6MK-01Z-00-DX3.23626B7D-35BE-46B4-8983-96AC9777166E,TCGA-R8-A6MK,40x,"(1.0, 4.000084038321475, 16.001281296023564, 32.00653898215369)"
793,TCGA-R8-A6MK-01Z-00-DX5.A50F331E-12E0-46E1-885B-3CC11D50C5F1,TCGA-R8-A6MK,40x,"(1.0, 4.0001020963364535, 16.002036261463893, 64.00814504585557)"
794,TCGA-R8-A6MK-01Z-00-DX2.67BC5323-C650-4D5C-A222-6B55FF8584E8,TCGA-R8-A6MK,40x,"(1.0, 4.00011313056887, 16.002663802877677, 32.011226270554374)"
795,TCGA-R8-A6MK-01Z-00-DXB.F02C56E8-9793-4272-B14E-031A06EE2C8F,TCGA-R8-A6MK,40x,"(1.0, 4.000090798725793, 16.00189101660061, 32.006913646417175)"
796,TCGA-R8-A6MK-01Z-00-DX7.B3475A5B-4A7A-4DBD-BF65-EA2ADA3FD684,TCGA-R8-A6MK,40x,"(1.0, 4.0001025468358655, 16.001706406564097, 32.00341281312819)"
797,TCGA-R8-A6MK-01Z-00-DX1.CD613162-8078-4FB2-99A4-ED8E524FE2C3,TCGA-R8-A6MK,40x,"(1.0, 4.000091938676489, 16.00070732408873, 32.00503460885464)"
798,TCGA-R8-A6MK-01Z-00-DX4.1AB7C91A-8956-45E5-BAC1-E978E68643DC,TCGA-R8-A6MK,40x,"(1.0, 4.000116471180317, 16.001676854265135, 32.00335370853027)"
799,TCGA-R8-A6MK-01Z-00-DX6.695AD627-C157-4804-AE53-5E0E6AAD07CC,TCGA-R8-A6MK,40x,"(1.0, 4.0000617919670445, 16.00123599208965, 32.0024719841793)"
800,TCGA-R8-A6MK-01Z-00-DXF.F23D5126-9D7D-436E-9565-5724CDFDD79E,TCGA-R8-A6MK,40x,"(1.0, 4.0001324934187, 16.00123666205343, 32.00586778414579)"
801,TCGA-R8-A6MK-01Z-00-DXA.088A6643-8205-45A9-AF02-8C039D9F653E,TCGA-R8-A6MK,40x,"(1.0, 4.000062403794151, 16.00112905707486, 32.00929569759002)"
802,TCGA-R8-A6MK-01Z-00-DX8.5C45A74A-5049-4B83-B2F5-683711D555DD,TCGA-R8-A6MK,40x,"(1.0, 4.000134728150336, 16.002148279432145, 32.00786077713008)"
803,TCGA-R8-A6MK-01Z-00-DXD.26CA7DE4-FEBC-4544-829F-163A7FB04DA7,TCGA-R8-A6MK,40x,"(1.0, 4.000142069520924, 16.001326047164472, 32.00871573241653)"
804,TCGA-R8-A6ML-01Z-00-DX2.2951E705-B59D-42AE-AB0D-75339D4FF292,TCGA-R8-A6ML,40x,"(1.0, 4.000064314196287, 16.002886449399657, 32.005772898799314)"
805,TCGA-R8-A6ML-01Z-00-DX6.A0CE8231-51EB-4ECF-8595-82DC238E2168,TCGA-R8-A6ML,40x,"(1.0, 4.000103327133705, 16.00096445301736, 32.011305440750846)"
806,TCGA-R8-A6ML-01Z-00-DX5.771EFC95-EEB0-4029-B1D7-B0F5F94DCA35,TCGA-R8-A6ML,40x,"(1.0, 4.000123621787074, 16.001819900073816, 32.00363980014763)"
807,TCGA-R8-A6ML-01Z-00-DX7.A75A40C8-7318-4715-A5EB-0AF659884685,TCGA-R8-A6ML,40x,"(1.0, 4.000103327133705, 16.002042620133263, 32.008495915268185)"
808,TCGA-R8-A6ML-01Z-00-DX1.22E320A4-A5B4-4D32-83C6-CD83199E2B4C,TCGA-R8-A6ML,40x,"(1.0, 4.0000733399812045, 16.00179197789667, 32.00560631229236)"
809,TCGA-R8-A6ML-01Z-00-DX4.049970DB-AB58-4E89-BC8E-0E8BC3C270AC,TCGA-R8-A6ML,40x,"(1.0, 4.000115178253196, 16.001840693252255, 32.007387127405494)"
810,TCGA-R8-A6ML-01Z-00-DX3.A2815566-85C4-413E-B3F8-51B009E725D3,TCGA-R8-A6ML,40x,"(1.0, 4.000192020338337, 16.002401588746242, 32.013000456089785)"
811,TCGA-R8-A6MO-01Z-00-DX5.3CFCEAB5-5D93-4545-836E-949896252732,TCGA-R8-A6MO,40x,"(1.0, 4.000161897757492, 16.003238494911777, 32.01052653298813)"
812,TCGA-R8-A6MO-01Z-00-DX9.95C9E232-7E39-47D1-9657-8C6D955FEF2A,TCGA-R8-A6MO,40x,"(1.0, 4.000146945652155, 16.001371560155754, 32.006058795855665)"
813,TCGA-R8-A6MO-01Z-00-DX3.24C7DE73-6010-41D4-9F9F-09C36B3236B3,TCGA-R8-A6MO,40x,"(1.0, 4.000155729655482, 16.001110151593046, 32.01024107366131)"
814,TCGA-R8-A6MO-01Z-00-DX4.DE4E2CDD-DE75-4377-979E-4435E539877C,TCGA-R8-A6MO,40x,"(1.0, 4.000033524797175, 16.000670540902995, 64.00554363376253)"
815,TCGA-R8-A6MO-01Z-00-DX1.C29AAA07-B083-47E5-9F55-D3A06F3A5415,TCGA-R8-A6MO,40x,"(1.0, 4.00005042186292, 16.000470619873603, 32.00309306078537)"
816,TCGA-R8-A6MO-01Z-00-DXE.8F2AE4BA-D2B0-406C-8624-7B3D840E67B2,TCGA-R8-A6MO,40x,"(1.0, 4.000110527625328, 16.002343696841223, 32.00862518847378)"
817,TCGA-R8-A6MO-01Z-00-DX7.0C3FB3D6-9779-48CA-B101-2ACDB2E410B4,TCGA-R8-A6MO,40x,"(1.0, 4.000148100218519, 16.001382338290103, 32.006368635188664)"
818,TCGA-R8-A6MO-01Z-00-DXC.484F328C-F9E9-4970-88CD-9C931BA53BBA,TCGA-R8-A6MO,40x,"(1.0, 4.000177175166055, 16.00236910186358, 32.00943916019023)"
819,TCGA-R8-A6MO-01Z-00-DX6.A8D154E6-1654-43C3-8E58-217F4E66785A,TCGA-R8-A6MO,40x,"(1.0, 4.000169288236551, 16.002833432015006, 32.00846942559048)"
820,TCGA-R8-A6MO-01Z-00-DXA.CD6E7624-8EC3-4431-A3DC-2739419F9E12,TCGA-R8-A6MO,40x,"(1.0, 4.0000583589464265, 16.001516294410834, 32.00831605519441)"
821,TCGA-R8-A6MO-01Z-00-DX8.AC129F31-C312-4EAF-99B5-62E758C84C6E,TCGA-R8-A6MO,40x,"(1.0, 4.000141101855344, 16.002822451669687, 32.00804692243847)"
822,TCGA-R8-A6MO-01Z-00-DXB.874632D2-DD16-441A-927D-DF54C5ED35F2,TCGA-R8-A6MO,40x,"(1.0, 4.000162233878158, 16.002846726565604, 32.00943084271974)"
823,TCGA-R8-A6MO-01Z-00-DX2.2C4F1A78-A9C9-481F-B00B-45CD0951EB6E,TCGA-R8-A6MO,40x,"(1.0, 4.000059460102271, 16.001189343482398, 32.002378686964796)"
824,TCGA-R8-A6MO-01Z-00-DXD.D62DDC11-431F-41A4-9F9F-DA33E90D9DC4,TCGA-R8-A6MO,40x,"(1.0, 4.000082764667127, 16.002436598518194, 32.01048971629825)"
825,TCGA-R8-A6YH-01Z-00-DX1.8BD665EB-9E34-4E8C-820D-08B796F55DDE,TCGA-R8-A6YH,40x,"(1.0, 4.000090231661881, 16.001609205374454, 32.00321841074891)"
826,TCGA-R8-A73M-01Z-00-DX1.F73016FC-3180-4D90-9D49-2FA04F9BC5A3,TCGA-R8-A73M,40x,"(1.0, 4.00017244391902, 16.00288996804335, 32.010171769478006)"
827,TCGA-RY-A83X-01Z-00-DX1.1DA8284F-B532-478B-B7BC-C578BE36E2CA,TCGA-RY-A83X,40x,"(1.0, 4.000150617531881, 16.003830251800736)"
828,TCGA-RY-A83Y-01Z-00-DX1.BB00A072-43F7-44B4-8E52-ECFE7C1C263A,TCGA-RY-A83Y,40x,"(1.0, 4.000244338333063, 16.00182308633251)"
829,TCGA-RY-A83Z-01Z-00-DX1.38167693-2E5A-4179-AA91-8EDA1BA43FB0,TCGA-RY-A83Z,40x,"(1.0, 4.000387536595124, 8.001310745613948)"
830,TCGA-RY-A840-01Z-00-DX1.E4D70B62-E2F7-411D-A9A8-DD78C20DF6B8,TCGA-RY-A840,40x,"(1.0, 4.000162723196322, 16.003255149609807, 32.01663550410153)"
831,TCGA-RY-A843-01Z-00-DX1.CB0CAD7E-B970-419A-902D-2F97660D2372,TCGA-RY-A843,40x,"(1.0, 4.000132441888873, 16.00145672163841, 32.01015659032663)"
832,TCGA-RY-A845-01Z-00-DX1.224F7848-0356-4EC3-BADF-F64E6EDA9A05,TCGA-RY-A845,40x,"(1.0, 4.000140707208866, 16.00281454216553, 32.00884383175034)"
833,TCGA-RY-A847-01Z-00-DX1.E137897D-0B07-401B-A106-BFF78C14F5D4,TCGA-RY-A847,40x,"(1.0, 4.000227826472912, 16.002865724746044)"
834,TCGA-S9-A6TS-01Z-00-DX1.A10361F8-6208-44EE-9B2E-8513EBA31ED3,TCGA-S9-A6TS,40x,"(1.0, 4.00013732027411, 16.000906308396935, 32.00181261679387)"
835,TCGA-S9-A6TU-01Z-00-DX1.58000391-215E-4740-AD40-1489B348922B,TCGA-S9-A6TU,40x,"(1.0, 4.000358410299045, 16.00469737626061)"
836,TCGA-S9-A6TV-01Z-00-DX1.E58C29B5-A44B-4906-B2DF-C606311C1F5C,TCGA-S9-A6TV,40x,"(1.0, 4.00023601075214, 16.002798291330826, 32.010725095876516)"
837,TCGA-S9-A6TW-01Z-00-DX1.A217F3C6-1408-490D-B4C2-4258244755A6,TCGA-S9-A6TW,40x,"(1.0, 4.000047811812705, 16.001183720936353, 32.00440785152786)"
838,TCGA-S9-A6TX-01Z-00-DX1.014EF743-329E-441F-8FB3-46DB2F2D23F1,TCGA-S9-A6TX,40x,"(1.0, 4.000066259674947, 16.001325291288524, 64.02596086610887)"
839,TCGA-S9-A6TY-01Z-00-DX1.C4A9E841-C3F4-4752-93E8-6478B7B88E60,TCGA-S9-A6TY,40x,"(1.0, 4.000118480479642, 16.001251344275268, 32.00548564141777)"
840,TCGA-S9-A6TZ-01Z-00-DX1.5D0335F4-DB48-4428-800F-2B27E431BAA8,TCGA-S9-A6TZ,40x,"(1.0, 4.0000528448124015, 16.00141809111703, 32.00653688753263)"
841,TCGA-S9-A6U0-01Z-00-DX1.43BCB230-1388-424F-A218-F0F222691102,TCGA-S9-A6U0,40x,"(1.0, 4.000051053401858, 16.001530625668835, 32.00524003034492)"
842,TCGA-S9-A6U1-01Z-00-DX1.1F328064-7637-4194-836B-6D6F2221AB8B,TCGA-S9-A6U1,40x,"(1.0, 4.000078903434423, 16.00167826529553, 32.00618279261916)"
843,TCGA-S9-A6U2-01Z-00-DX1.364156E1-47BA-4046-BFD7-C35B97785624,TCGA-S9-A6U2,40x,"(1.0, 4.000043742618433, 16.0005249343832, 64.03045157456921)"
844,TCGA-S9-A6U5-01Z-00-DX1.BC695617-5AF4-4D43-91D9-1BC5A9DBB8DA,TCGA-S9-A6U5,40x,"(1.0, 4.000077235981669, 16.000720906282183, 32.00832098438765)"
845,TCGA-S9-A6U6-01Z-00-DX1.23CAAC2B-577F-4262-85C1-6000F6EDFDEA,TCGA-S9-A6U6,40x,"(1.0, 4.000124043161, 16.001500388252516, 32.009603081392584)"
846,TCGA-S9-A6U8-01Z-00-DX1.5C7C8D4D-32E5-46B8-8223-E3FF487290DC,TCGA-S9-A6U8,40x,"(1.0, 4.0001067927903655, 16.0009967707298, 64.01644181337127)"
847,TCGA-S9-A6U9-01Z-00-DX1.320C7173-3FAF-4661-8C0D-2C7B46BF17D9,TCGA-S9-A6U9,40x,"(1.0, 4.0000442961344245, 16.000886001181335, 64.01967082078929)"
848,TCGA-S9-A6UA-01Z-00-DX1.99AB8786-858B-46A0-94BA-C5AA1CD5351B,TCGA-S9-A6UA,40x,"(1.0, 4.000379471393412, 16.003542203013573)"
849,TCGA-S9-A6UB-01Z-00-DX1.5F32F6A9-6030-449C-B049-B377B6ACE470,TCGA-S9-A6UB,40x,"(1.0, 4.000094239223449, 16.00174640639792, 32.005533222450985)"
850,TCGA-S9-A6WD-01Z-00-DX1.4B8BAF92-5817-494A-A842-7FE6C0C6F643,TCGA-S9-A6WD,40x,"(1.0, 4.000090543203185, 16.00130095866421, 32.00464232698357)"
851,TCGA-S9-A6WE-01Z-00-DX1.F4D6E41C-5B13-498E-853A-902D41DF804C,TCGA-S9-A6WE,40x,"(1.0, 4.000159103715761, 16.000964293793025, 32.006095457650275)"
852,TCGA-S9-A6WG-01Z-00-DX1.99FBC39A-F2DD-48F0-A5AB-52A508369C7A,TCGA-S9-A6WG,40x,"(1.0, 4.0000900628958735, 16.001533350438635, 32.005801948121146)"
853,TCGA-S9-A6WH-01Z-00-DX1.DDBE3C83-36D7-4969-BFFE-7FAA8014633B,TCGA-S9-A6WH,40x,"(1.0, 4.0001206932368945, 16.002381767816154, 32.00853073420655)"
854,TCGA-S9-A6WI-01Z-00-DX1.D3D90B50-C15D-4EB0-B721-AD655EA6F97A,TCGA-S9-A6WI,40x,"(1.0, 4.0000837159006135, 16.00157398193509, 64.00629592774035)"
855,TCGA-S9-A6WL-01Z-00-DX1.2AB33E11-47B6-4382-8EE3-181D97C2241E,TCGA-S9-A6WL,40x,"(1.0, 4.000144755819241, 16.002148160546806, 32.007286102049875)"
856,TCGA-S9-A6WM-01Z-00-DX1.5D18F7F7-C5C8-465B-8B7D-FAC68C43C6F5,TCGA-S9-A6WM,40x,"(1.0, 4.000153482735777, 16.000917061715047, 32.00183412343009)"
857,TCGA-S9-A6WN-01Z-00-DX1.FEEA7335-8225-4DA8-9AE1-3DA1B6EFCAE5,TCGA-S9-A6WN,40x,"(1.0, 4.000162308548256, 16.001946501936175, 32.00734625662311)"
858,TCGA-S9-A6WO-01Z-00-DX1.7B2357DB-9EF4-4122-9A7E-F6F509A0A67C,TCGA-S9-A6WO,40x,"(1.0, 4.000192421352535, 16.00203222834198)"
859,TCGA-S9-A6WP-01Z-00-DX1.C3E303DF-A88E-4A62-8958-BDE01A384D99,TCGA-S9-A6WP,40x,"(1.0, 4.000044957290574, 16.000769203187815, 64.01250859452298)"
860,TCGA-S9-A6WQ-01Z-00-DX1.F3EDD859-8FEF-48B4-BFEA-36BCCE34F030,TCGA-S9-A6WQ,40x,"(1.0, 4.000079268614913, 16.001585623678647, 32.0064352212455)"
861,TCGA-S9-A7IQ-01Z-00-DX1.3B4A20BF-6303-475D-BE85-014922FA02DA,TCGA-S9-A7IQ,40x,"(1.0, 4.000072477591404, 16.001729068150937, 32.00865736270015)"
862,TCGA-S9-A7IS-01Z-00-DX1.193F4631-20AE-4001-93B0-4020821F524C,TCGA-S9-A7IS,40x,"(1.0, 4.0001304835698015, 16.00218277617781, 32.00436555235562)"
863,TCGA-S9-A7IX-01Z-00-DX1.41EFC469-2139-44A6-AE48-76304EBD3F58,TCGA-S9-A7IX,40x,"(1.0, 4.00017363509996, 16.00155527219808, 32.005406405482475)"
864,TCGA-S9-A7IY-01Z-00-DX1.185F1FC6-576A-4AAF-9BE0-250489B3E7C4,TCGA-S9-A7IY,40x,"(1.0, 4.000051053401858, 16.00208941786161, 32.006357614730476)"
865,TCGA-S9-A7IZ-01Z-00-DX1.248328B8-5081-41B1-8674-2FF83C99640F,TCGA-S9-A7IZ,40x,"(1.0, 4.000107146105725, 16.001749326499485, 32.00912227836602)"
866,TCGA-S9-A7J0-01Z-00-DX1.F7AEDF07-33C2-4238-A04F-758C8EF58851,TCGA-S9-A7J0,40x,"(1.0, 4.00007699775204, 16.001879616463945, 32.00647596089974)"
867,TCGA-S9-A7J1-01Z-00-DX1.E6934DF9-A2DF-4454-B927-CD481786EB3A,TCGA-S9-A7J1,40x,"(1.0, 4.000083663683985, 16.00167344080925, 32.00634555794082)"
868,TCGA-S9-A7J2-01Z-00-DX1.5BDB6D1B-F50E-42A7-9CB2-618F91DF6977,TCGA-S9-A7J2,40x,"(1.0, 4.000059062093948, 16.000891288317433, 32.00430322920825)"
869,TCGA-S9-A7J3-01Z-00-DX1.DDE30B13-68C3-4BA6-8CBB-631D2E547974,TCGA-S9-A7J3,40x,"(1.0, 4.000133016572406, 16.001050360451096, 32.010838287609445)"
870,TCGA-S9-A7QW-01Z-00-DX1.C07FEA9E-6FED-46C9-9133-11A18A877832,TCGA-S9-A7QW,40x,"(1.0, 4.000169439940431, 16.0033893754824, 32.0067787509648)"
871,TCGA-S9-A7QX-01Z-00-DX1.8BF2EF3C-45E5-4242-9A72-9A915396B934,TCGA-S9-A7QX,40x,"(1.0, 4.000100358455124, 16.00234691231296, 32.00988324263748)"
872,TCGA-S9-A7QY-01Z-00-DX1.C50B9D19-0959-486F-BAC1-09B563F16D54,TCGA-S9-A7QY,40x,"(1.0, 4.000112247526319, 16.00156598184475, 32.0031319636895)"
873,TCGA-S9-A7QZ-01Z-00-DX1.8639F7A6-105E-475B-8836-644EFF95690D,TCGA-S9-A7QZ,40x,"(1.0, 4.000091826239195, 16.001490695700127, 32.00574973705471)"
874,TCGA-S9-A7R1-01Z-00-DX1.9FAB9E82-AC0C-4902-BB8B-3620DCC21832,TCGA-S9-A7R1,40x,"(1.0, 4.000051053401858, 16.000831565230516, 32.006682944642506)"
875,TCGA-S9-A7R2-01Z-00-DX1.002ED857-5D3F-4053-9F9C-9EB73F2C20F5,TCGA-S9-A7R2,40x,"(1.0, 4.000150617531881, 16.005315637461777)"
876,TCGA-S9-A7R3-01Z-00-DX1.32E490D2-AAAA-4AB2-8036-AB4B713F03EA,TCGA-S9-A7R3,40x,"(1.0, 4.000091066184181, 16.001458010156803, 64.02328777551563)"
877,TCGA-S9-A7R4-01Z-00-DX1.562B745A-244A-40BF-9D39-2A00C9A2BC52,TCGA-S9-A7R4,40x,"(1.0, 4.00004582321404, 16.001809958028034, 32.00655401331547)"
878,TCGA-S9-A7R7-01Z-00-DX1.8E4E9C97-1939-4645-A4D6-A17D36B435A9,TCGA-S9-A7R7,40x,"(1.0, 4.000161086893218, 16.001503559774825, 32.00988269444511)"
879,TCGA-S9-A7R8-01Z-00-DX1.1F2A9518-C2FC-46DC-ACB8-6CBA1D8EF9A2,TCGA-S9-A7R8,40x,"(1.0, 4.000067269754316, 16.000865883144737, 64.01872987324427)"
880,TCGA-S9-A89V-01Z-00-DX1.63E6101E-4FBC-4843-BFFD-343C3F111844,TCGA-S9-A89V,40x,"(1.0, 4.000125281884239, 16.001713983410802, 32.01095513963161)"
881,TCGA-S9-A89Z-01Z-00-DX1.F6DA547D-D35C-4D55-B5AA-AB4F33B2789F,TCGA-S9-A89Z,40x,"(1.0, 4.0, 16.002090784785814, 32.00747815955634)"
882,TCGA-TM-A7C3-01Z-00-DX1.8599EB66-7116-4CFA-A08D-9929AB55EA31,TCGA-TM-A7C3,40x,"(1.0, 4.000063706440721, 16.001142526371886, 64.01061954064849)"
883,TCGA-TM-A7C4-01Z-00-DX1.082C7A0D-CCAA-4D40-B7B5-1CDD1812DF57,TCGA-TM-A7C4,40x,"(1.0, 4.0000535589952335, 16.002213923568117, 32.00785755133377)"
884,TCGA-TM-A7C5-01Z-00-DX1.6B493BB3-6497-47AE-8D35-CC7C35868E6E,TCGA-TM-A7C5,40x,"(1.0, 4.0000873515024455, 16.00132311584425, 32.00637426030268)"
885,TCGA-TM-A7CA-01Z-00-DX1.1CEBE1E1-7CBE-4F80-BAFC-828F7FA787B7,TCGA-TM-A7CA,40x,"(1.0, 4.000049622866216, 16.000198491464865, 64.02339153152923)"
886,TCGA-TM-A7CF-02Z-00-DX1.7EFCCDDE-B065-4367-8C0B-91A3D4E277D5,TCGA-TM-A7CF,40x,"(1.0, 4.0, 16.001027749229188, 32.005438162306156)"
887,TCGA-TM-A7CF-01Z-00-DX1.EB905EDB-5AC5-41C4-AB00-526DD3820524,TCGA-TM-A7CF,40x,"(1.0, 4.000077735295781, 16.00049307603114, 64.03305658174915)"
888,TCGA-TM-A7CF-01Z-00-DX2.D24F6CA3-562B-4444-A072-DA66C527F1C5,TCGA-TM-A7CF,40x,"(1.0, 4.000034568341052, 16.000505517483887, 64.00793492460681)"
889,TCGA-TM-A84B-01Z-00-DX1.8736E13D-D47F-462E-BD06-61767245C2F5,TCGA-TM-A84B,40x,"(1.0, 4.000050202483349, 16.0017483365352, 32.0086169916093)"
890,TCGA-TM-A84C-01Z-00-DX1.07057BBD-79E9-4621-BCAB-8B8DC5BF44A6,TCGA-TM-A84C,40x,"(1.0, 4.000130970051515, 16.001568694337593, 32.01149894210313)"
891,TCGA-TM-A84F-01Z-00-DX1.F12CDFC4-91D7-422E-83BE-BB987DCCD3AD,TCGA-TM-A84F,40x,"(1.0, 4.000139735916838, 16.002002884186425, 32.00400576837285)"
892,TCGA-TM-A84F-01Z-00-DX2.A2AB2F72-F232-4B60-97B1-1714C9261EAF,TCGA-TM-A84F,40x,"(1.0, 4.000073468188274, 16.001625144849967, 32.003250289699935)"
893,TCGA-TM-A84G-01Z-00-DX2.40776742-AC90-4DA4-A0CE-738AD4F6550F,TCGA-TM-A84G,40x,"(1.0, 4.000109460239296, 16.001559332432336, 32.00563931743805)"
894,TCGA-TM-A84G-01Z-00-DX1.97254527-3332-4DC2-BA8C-BE2DD5696F83,TCGA-TM-A84G,40x,"(1.0, 4.000119348880148, 16.00078052629253, 32.00556317867937)"
895,TCGA-TM-A84H-01Z-00-DX1.C6DA6654-F23A-47CD-A59E-8F89A7B714B0,TCGA-TM-A84H,40x,"(1.0, 4.000091279741983, 16.00204673923539, 32.00409347847078)"
896,TCGA-TM-A84H-01Z-00-DX2.3DD9940B-E941-45C4-8C26-0F87E8EF4569,TCGA-TM-A84H,40x,"(1.0, 4.000157910514192, 16.00106587597147, 32.00213175194294)"
897,TCGA-TM-A84I-01Z-00-DX1.755573F1-0378-4E95-A755-CD8AB79ABEC1,TCGA-TM-A84I,40x,"(1.0, 4.000133884186617, 16.00202220618126, 32.00404441236252)"
898,TCGA-TM-A84J-01Z-00-DX2.09328846-237C-4129-B214-311617D4AD93,TCGA-TM-A84J,40x,"(1.0, 4.000062753629251, 16.002541955409676, 32.01119515900233)"
899,TCGA-TM-A84J-01Z-00-DX1.35ED7469-4A53-4432-945F-69D714D7607F,TCGA-TM-A84J,40x,"(1.0, 4.000131731832139, 16.00226700348829, 32.00721269972185)"
900,TCGA-TM-A84L-01Z-00-DX2.3C138376-4F7E-460C-B9FE-D0EBD323A66B,TCGA-TM-A84L,40x,"(1.0, 4.000119574356042, 16.001309343933997, 32.002618687867994)"
901,TCGA-TM-A84L-01Z-00-DX1.411C2D0B-921E-4B0A-95ED-DF9A89AFC76B,TCGA-TM-A84L,40x,"(1.0, 4.000053788503604, 16.001770089214247, 32.00583603951482)"
902,TCGA-TM-A84M-01Z-00-DX1.40AFB31C-EC85-4BC2-9C63-8DF2022164DF,TCGA-TM-A84M,40x,"(1.0, 4.000094637317557, 16.0024031893092, 32.00748507136366)"
903,TCGA-TM-A84M-01Z-00-DX2.D73D0E2C-59B4-400F-B8DE-B49BACC45D26,TCGA-TM-A84M,40x,"(1.0, 4.000123161989769, 16.002463543320303, 32.00760577938588)"
904,TCGA-TM-A84O-01Z-00-DX1.C05AE734-FABD-4DA7-9FDA-A54564CDED27,TCGA-TM-A84O,40x,"(1.0, 4.000089289406466, 16.000983250487607, 64.01395282079422)"
905,TCGA-TM-A84Q-01Z-00-DX1.692F1A0A-E05E-4C53-8AE0-EF1E1B6297EA,TCGA-TM-A84Q,40x,"(1.0, 4.000059320019851, 16.00187999473291, 64.01716331330809)"
906,TCGA-TM-A84R-01Z-00-DX1.26D7F00E-85DD-49E9-BCA3-AAA25ECD2E5F,TCGA-TM-A84R,40x,"(1.0, 4.000124895613399, 16.002498227842544, 32.007946817959606)"
907,TCGA-TM-A84S-01Z-00-DX1.5ED4FD31-AE61-4E45-B202-420B37C847D9,TCGA-TM-A84S,40x,"(1.0, 4.000046340634558, 16.001239302877735, 32.00247860575547)"
908,TCGA-TM-A84T-01Z-00-DX1.31D6FC27-464A-41A1-8CB2-5E7B3862EE9C,TCGA-TM-A84T,40x,"(1.0, 4.000047064729692, 16.000941383205724, 32.00389153904092)"
909,TCGA-TQ-A7RF-01Z-00-DX1.0243E73B-9B79-46C0-BA92-E8BA46E56036,TCGA-TQ-A7RF,40x,"(1.0, 4.000067888662594, 16.001357957631722, 32.00561390800435)"
910,TCGA-TQ-A7RG-01Z-00-DX1.71465600-F24A-4831-BA01-68A8C95F2BE9,TCGA-TQ-A7RG,40x,"(1.0, 4.000074147305981, 16.001087601344672, 64.01744570744239)"
911,TCGA-TQ-A7RH-01Z-00-DX1.9B62CBC8-597B-4DDC-8129-37D8977D2171,TCGA-TQ-A7RH,40x,"(1.0, 4.00005048975058, 16.001009896990507, 32.007632769227534)"
912,TCGA-TQ-A7RI-01Z-00-DX1.785D0C67-7621-4C2A-8EE2-393A842963B7,TCGA-TQ-A7RI,40x,"(1.0, 4.000054860653939, 16.000219442615755, 32.003950834064966)"
913,TCGA-TQ-A7RJ-01Z-00-DX1.8BE260A2-A7DB-4CA7-8B86-33BABEFE017B,TCGA-TQ-A7RJ,40x,"(1.0, 4.000044515669515, 16.000722650833268, 32.00362409921233)"
914,TCGA-TQ-A7RK-02Z-00-DX2.4267A2C5-044A-4550-9F97-BFFB941A4FF5,TCGA-TQ-A7RK,40x,"(1.0, 4.000044474093841, 16.000940423589476, 64.01922055659637)"
915,TCGA-TQ-A7RK-01Z-00-DX1.42AF52E1-4F8E-4D39-A2F9-88E7805E9B0A,TCGA-TQ-A7RK,40x,"(1.0, 4.000045446282494, 16.00057845311887, 64.00813212650102)"
916,TCGA-TQ-A7RK-02Z-00-DX1.81EF0869-9C37-45B0-B548-10436269B3FB,TCGA-TQ-A7RK,40x,"(1.0, 4.000069660521061, 16.001256439374977, 32.00548599290643)"
917,TCGA-TQ-A7RM-01Z-00-DX1.007E0B3C-DEC7-4FCA-BB4D-E61EC489EDF4,TCGA-TQ-A7RM,40x,"(1.0, 4.000044515669515, 16.000722650833268, 32.00362409921233)"
918,TCGA-TQ-A7RN-01Z-00-DX1.4593BE9E-C9E1-439F-9640-4E280DFEFB5B,TCGA-TQ-A7RN,40x,"(1.0, 4.00006842753524, 16.00146257902531, 32.00622174803533)"
919,TCGA-TQ-A7RO-01Z-00-DX1.18B7FCA6-3AD0-43A1-B117-A9C8017DD783,TCGA-TQ-A7RO,40x,"(1.0, 4.0, 16.001099706744867, 32.002199413489734)"
920,TCGA-TQ-A7RP-01Z-00-DX1.21F73573-AC2E-4793-9EDF-AD1DF3875C82,TCGA-TQ-A7RP,40x,"(1.0, 4.0, 16.000712123909558, 32.004273504273506)"
921,TCGA-TQ-A7RQ-01Z-00-DX1.6351D204-06EA-4FDF-BCA2-B9448AE10F95,TCGA-TQ-A7RQ,40x,"(1.0, 4.0, 16.0, 64.01739130434783)"
922,TCGA-TQ-A7RR-01Z-00-DX1.45839A23-093F-4BDE-8FF3-642DE69BD656,TCGA-TQ-A7RR,40x,"(1.0, 4.0000667764768725, 16.0013357079252, 32.00773797599393)"
923,TCGA-TQ-A7RS-01Z-00-DX1.D03F0DCF-1713-4ACA-AA75-6156995A5193,TCGA-TQ-A7RS,40x,"(1.0, 4.00005157563567, 16.001442832444162, 32.009484202433725)"
924,TCGA-TQ-A7RU-01Z-00-DX1.29C7A86C-6C94-480E-B74C-44ACC2B89A76,TCGA-TQ-A7RU,40x,"(1.0, 4.000066687413862, 16.000991753848467, 64.02991650748619)"
925,TCGA-TQ-A7RV-02Z-00-DX1.098F3ECC-BAC0-4626-8BFF-577972244ACB,TCGA-TQ-A7RV,40x,"(1.0, 4.000066782422866, 16.000623330365094, 32.00409690060563)"
926,TCGA-TQ-A7RV-01Z-00-DX1.709E828D-44C3-43D6-9381-187FC28E93D0,TCGA-TQ-A7RV,40x,"(1.0, 4.000044529545353, 16.000534378339864, 32.00106875667973)"
927,TCGA-TQ-A7RW-01Z-00-DX1.05F422AA-ED7B-4D53-9B32-2B7CEFB85021,TCGA-TQ-A7RW,40x,"(1.0, 4.000024321432046, 16.000875656742558, 32.007926150264936)"
928,TCGA-TQ-A8XE-01Z-00-DX1.106C2DAA-99F8-475A-B383-31824AC4C506,TCGA-TQ-A8XE,40x,"(1.0, 4.0, 16.000366032210835, 64.00966925704847)"
929,TCGA-TQ-A8XE-02Z-00-DX1.818964A4-457E-4658-AF46-C89629B24EF4,TCGA-TQ-A8XE,40x,"(1.0, 4.0, 16.000711743772243, 64.00961230278453)"
930,TCGA-VM-A8C8-01Z-00-DX2.996E1ECF-24B2-4A35-8D00-02BF3C025FC6,TCGA-VM-A8C8,40x,"(1.0, 4.000215177162531, 16.00430539609644)"
931,TCGA-VM-A8C8-01Z-00-DX5.D23FADC5-5238-499D-9F5C-662A6A226169,TCGA-VM-A8C8,40x,"(1.0, 4.0002535934275585, 16.00716475577632)"
932,TCGA-VM-A8C8-01Z-00-DX7.614E87B3-E2F0-4977-AE49-1EDBB26F879C,TCGA-VM-A8C8,40x,"(1.0, 4.000200830097738, 16.004043862635314)"
933,TCGA-VM-A8C8-01Z-00-DX1.119D6F8E-6A1D-4FCA-9C2F-75DB418B880B,TCGA-VM-A8C8,40x,"(1.0, 4.000350975918338, 16.004450193418045)"
934,TCGA-VM-A8C8-01Z-00-DX8.CFBE7871-B2AD-4D99-8C40-D1EAC34BB272,TCGA-VM-A8C8,40x,"(1.0, 4.000251046025104, 16.005023442732753)"
935,TCGA-VM-A8C8-01Z-00-DX9.07AAC35A-A609-479F-843E-1E759A922AFA,TCGA-VM-A8C8,40x,"(1.0, 4.000188276641145, 16.006242198805516)"
936,TCGA-VM-A8C8-01Z-00-DX3.505AAA14-DBCC-4554-8A78-E8353B0532CE,TCGA-VM-A8C8,40x,"(1.0, 4.000266256866091, 16.006118297388205)"
937,TCGA-VM-A8C8-01Z-00-DX6.060E0C36-5EDA-476F-8D1F-2959FE993D3A,TCGA-VM-A8C8,40x,"(1.0, 4.000310499057209, 16.00716426100107)"
938,TCGA-VM-A8C8-01Z-00-DX4.980FE353-1CBB-4B38-B26C-F96EFCA462B9,TCGA-VM-A8C8,40x,"(1.0, 4.000251046025104, 16.006007210563546)"
939,TCGA-VM-A8C9-01Z-00-DX4.20D5EE02-3CD2-45C4-AF74-539DC859369B,TCGA-VM-A8C9,40x,"(1.0, 4.000041262069155, 16.001099281425475, 64.01011192152917)"
940,TCGA-VM-A8C9-01Z-00-DX2.D95CDDEA-8A6D-41D4-B12A-17811CF91CE3,TCGA-VM-A8C9,40x,"(1.0, 4.00004016171785, 16.001054200562514, 64.00764455497188)"
941,TCGA-VM-A8C9-01Z-00-DX5.F028B05D-0986-42CC-B0AA-F55F9ACE743D,TCGA-VM-A8C9,40x,"(1.0, 4.000105375592835, 16.000641577334154, 64.00803844097416)"
942,TCGA-VM-A8C9-01Z-00-DX6.4F9BEB00-9BC5-459F-A702-C72583A226ED,TCGA-VM-A8C9,40x,"(1.0, 4.000041262069155, 16.001485636812436, 64.00594254724975)"
943,TCGA-VM-A8C9-01Z-00-DX7.95A9AD6B-1293-485E-8A82-7A1939C7B9D4,TCGA-VM-A8C9,40x,"(1.0, 4.000083739273661, 16.0013305954563, 64.01083237937341)"
944,TCGA-VM-A8C9-01Z-00-DX3.E0BF1E61-5F3C-4E15-8A6A-3E1A351FC0A7,TCGA-VM-A8C9,40x,"(1.0, 4.000041835169432, 16.00157985346864, 64.03488034386618)"
945,TCGA-VM-A8C9-01Z-00-DX9.DEF6A890-B06E-42BC-A653-A6BF5E324B8D,TCGA-VM-A8C9,40x,"(1.0, 4.000105835973542, 16.00063754975919, 64.01719065350635)"
946,TCGA-VM-A8C9-01Z-00-DX1.C6DD4520-C460-419A-9DB3-DF34D128CA08,TCGA-VM-A8C9,40x,"(1.0, 4.000084591502839, 16.001598505108042, 64.01194271209783)"
947,TCGA-VM-A8C9-01Z-00-DX8.BC79D845-2351-4946-9262-C9D4668957BE,TCGA-VM-A8C9,40x,"(1.0, 4.0000865458910635, 16.001731067803483, 64.03482126879027)"
948,TCGA-VM-A8CA-01Z-00-DX6.07221643-D7F3-4E38-9A63-C7B3B46E570B,TCGA-VM-A8CA,40x,"(1.0, 4.000095511677767, 16.00101003766622, 32.00704500642899)"
949,TCGA-VM-A8CA-01Z-00-DX7.4C172C51-63E5-44DE-978E-DE3BBA23B24E,TCGA-VM-A8CA,40x,"(1.0, 4.000050202483349, 16.001749723648054, 32.00862531738699)"
950,TCGA-VM-A8CA-01Z-00-DX2.7A15A9CB-AD1E-49B5-81C9-8FFFFEDBDE44,TCGA-VM-A8CA,40x,"(1.0, 4.000050202483349, 16.001004150488686, 32.00415104445635)"
951,TCGA-VM-A8CA-01Z-00-DX5.424C74A2-33EE-4C5B-9D9B-630CC5D59A9F,TCGA-VM-A8CA,40x,"(1.0, 4.000119927087519, 16.001854178118542, 32.005887135244336)"
952,TCGA-VM-A8CA-01Z-00-DX1.EE06F0BA-445F-4A77-B86C-819BF2CB3223,TCGA-VM-A8CA,40x,"(1.0, 4.000072054970413, 16.00181682476304, 32.006639226186635)"
953,TCGA-VM-A8CA-01Z-00-DX4.BC66C522-E26A-47AC-BD7E-79C8BB81C853,TCGA-VM-A8CA,40x,"(1.0, 4.000075623609388, 16.001891700041373, 32.003783400082746)"
954,TCGA-VM-A8CA-01Z-00-DX8.CB8BF849-9C5E-4145-ACFA-48DE2F83FB51,TCGA-VM-A8CA,40x,"(1.0, 4.000074094876513, 16.000568680534425, 32.00626602656795)"
955,TCGA-VM-A8CA-01Z-00-DX9.357E0311-D1A7-4369-A626-383E6F9B3F83,TCGA-VM-A8CA,40x,"(1.0, 4.000095868754242, 16.001917559330487, 32.00597786213994)"
956,TCGA-VM-A8CA-01Z-00-DX3.DF5FF5C7-CCF8-41BD-9FF5-3D1185E350B8,TCGA-VM-A8CA,40x,"(1.0, 4.000050202483349, 16.001765185496296, 32.00567311447156)"
957,TCGA-VM-A8CB-01Z-00-DX2.FF7BED61-5947-4261-8B9F-054B3E997B18,TCGA-VM-A8CB,40x,"(1.0, 4.000109279760556, 16.000676903835092, 64.01752656899875)"
958,TCGA-VM-A8CB-01Z-00-DX6.E15B7AA1-ACA5-4959-9581-3EDDE6FACCC0,TCGA-VM-A8CB,40x,"(1.0, 4.000114508122176, 16.001424557347043, 32.004889524349224)"
959,TCGA-VM-A8CB-01Z-00-DX3.4DAB7FB0-0C2E-43D8-9E4F-F5C1720AA78F,TCGA-VM-A8CB,40x,"(1.0, 4.000110068704438, 16.001514227540262, 64.00605691016105)"
960,TCGA-VM-A8CB-01Z-00-DX9.8A7428DE-8450-4967-B777-AAD21A5AA36F,TCGA-VM-A8CB,40x,"(1.0, 4.0000876923333095, 16.000590554126102, 64.01714349450671)"
961,TCGA-VM-A8CB-01Z-00-DX4.D26731C6-9C13-40B6-9CB1-432249EF4F94,TCGA-VM-A8CB,40x,"(1.0, 4.000047811812705, 16.00153657218349, 32.00802198379834)"
962,TCGA-VM-A8CB-01Z-00-DX1.A33B1EC5-D489-4520-8ADA-D18AD0FB115B,TCGA-VM-A8CB,40x,"(1.0, 4.000093288991366, 16.00062031937879, 32.00424596850718)"
963,TCGA-VM-A8CB-01Z-00-DX5.E3E9FD68-DDFE-4AC2-B898-B888E4E127FF,TCGA-VM-A8CB,40x,"(1.0, 4.000064291709569, 16.001285926345012, 64.02882919797642)"
964,TCGA-VM-A8CB-01Z-00-DX7.E1F6875A-18A8-4696-AC98-383E476ABE97,TCGA-VM-A8CB,40x,"(1.0, 4.000109281837569, 16.001839207420502, 64.02223498921106)"
965,TCGA-VM-A8CB-01Z-00-DX8.824FCA58-A9DE-4E3F-8DBC-B38C85A34375,TCGA-VM-A8CB,40x,"(1.0, 4.000114389708844, 16.00142282030951, 32.004886050274166)"
966,TCGA-VM-A8CD-01Z-00-DX1.F33FFB83-3DC7-4543-A496-1EC738188DE0,TCGA-VM-A8CD,40x,"(1.0, 4.000095108790429, 16.001770761120767, 32.00861044230672)"
967,TCGA-VM-A8CD-01Z-00-DX4.504C4EEF-6491-4A03-9A81-03259714F5BB,TCGA-VM-A8CD,40x,"(1.0, 4.000093665223657, 16.002246379477164, 32.00650153158381)"
968,TCGA-VM-A8CD-01Z-00-DX6.965345AB-3591-48B4-8663-CC9361BEAE99,TCGA-VM-A8CD,40x,"(1.0, 4.000100219515646, 16.00200459147829, 32.00710074625268)"
969,TCGA-VM-A8CD-01Z-00-DX7.7B78F014-39DE-4CD6-B09C-6081407E5CDB,TCGA-VM-A8CD,40x,"(1.0, 4.000097576881345, 16.00065367984293, 32.00439266349984)"
970,TCGA-VM-A8CD-01Z-00-DX2.355165A0-D1C3-4345-B151-B94591102389,TCGA-VM-A8CD,40x,"(1.0, 4.0001203498576965, 16.00123452371774, 32.0076053779776)"
971,TCGA-VM-A8CD-01Z-00-DX3.E93E4734-17DD-40F9-AE98-3E2146E6F9F8,TCGA-VM-A8CD,40x,"(1.0, 4.000093387133469, 16.0022500067425, 64.02735171768967)"
972,TCGA-VM-A8CD-01Z-00-DX9.389ED5EC-ECA4-4C4C-ADF8-2458338C807B,TCGA-VM-A8CD,40x,"(1.0, 4.000097212622672, 16.001417644864553, 32.002835289729106)"
973,TCGA-VM-A8CD-01Z-00-DX5.E980653F-1D60-41E6-B0D1-FD95B4EE5643,TCGA-VM-A8CD,40x,"(1.0, 4.000096507849781, 16.00193034329756, 32.00386068659512)"
974,TCGA-VM-A8CD-01Z-00-DX8.030EF5DE-845F-4134-B26D-66EA5F2F1668,TCGA-VM-A8CD,40x,"(1.0, 4.000122233901562, 16.001140897947973, 32.00539127121961)"
975,TCGA-VM-A8CE-01Z-00-DX8.94355113-F8C2-401E-988C-B3112B054186,TCGA-VM-A8CE,40x,"(1.0, 4.000051053401858, 16.000476514635807, 32.007456132603195)"
976,TCGA-VM-A8CE-01Z-00-DX2.87CC9777-EAD4-4BAC-AAFA-0485E04DAB7F,TCGA-VM-A8CE,40x,"(1.0, 4.000049379464727, 16.000460890176456, 32.00092178035291)"
977,TCGA-VM-A8CE-01Z-00-DX4.C89ACFB4-EEA1-4104-8765-7712E9B7EE3C,TCGA-VM-A8CE,40x,"(1.0, 4.000047064729692, 16.001890374902047, 32.009586840417285)"
978,TCGA-VM-A8CE-01Z-00-DX5.4EA336FC-AA5F-4267-91E1-4919F43B88DD,TCGA-VM-A8CE,40x,"(1.0, 4.000107116758738, 16.001632497429917, 32.00910283509856)"
979,TCGA-VM-A8CE-01Z-00-DX1.E3381301-A47E-4838-B680-9EF799520140,TCGA-VM-A8CE,40x,"(1.0, 4.000050202483349, 16.00249409337421, 32.01110583829639)"
980,TCGA-VM-A8CE-01Z-00-DX9.31516257-7E21-4797-ACCE-084FB67D82AA,TCGA-VM-A8CE,40x,"(1.0, 4.000100583595092, 16.001583643963592, 32.008602459811804)"
981,TCGA-VM-A8CE-01Z-00-DX7.016DD6CE-4B9B-45A1-B94C-27C11EBF5575,TCGA-VM-A8CE,40x,"(1.0, 4.000050202483349, 16.001481933575164, 32.005106610629305)"
982,TCGA-VM-A8CE-01Z-00-DX3.EB6DA6B8-B95B-4385-A942-0E258CE453FE,TCGA-VM-A8CE,40x,"(1.0, 4.0001138400040315, 16.002277062912313, 32.006696869303596)"
983,TCGA-VM-A8CE-01Z-00-DX6.E5A828E7-0B84-4EE6-9337-99608E269886,TCGA-VM-A8CE,40x,"(1.0, 4.000134728025476, 16.00172117667831, 32.00548276301176)"
984,TCGA-VM-A8CF-01Z-00-DX4.AF3112EB-D194-48BD-B31F-5138814578A3,TCGA-VM-A8CF,40x,"(1.0, 4.000050202483349, 16.0021998459849, 32.00654243544878)"
985,TCGA-VM-A8CF-01Z-00-DX1.B02A927B-2E2F-4255-9949-E45813703A7C,TCGA-VM-A8CF,40x,"(1.0, 4.000051933663401, 16.001038781163437, 32.005133330088526)"
986,TCGA-VM-A8CF-01Z-00-DX8.4E93F16B-3CC3-4094-9EF2-9B74351AAF95,TCGA-VM-A8CF,40x,"(1.0, 4.000127890872266, 16.001193700077494, 32.0047246806612)"
987,TCGA-VM-A8CF-01Z-00-DX5.90CAA7E9-55BA-41D6-A5D1-280E761B17BC,TCGA-VM-A8CF,40x,"(1.0, 4.000126369730438, 16.000777779950127, 32.006948602171995)"
988,TCGA-VM-A8CF-01Z-00-DX6.DC99FC24-7290-4702-B5DC-45F3780757B6,TCGA-VM-A8CF,40x,"(1.0, 4.00007197190167, 16.00109122816197, 32.00432519980292)"
989,TCGA-VM-A8CF-01Z-00-DX9.704D20F4-2DDD-42FB-8AD6-97C2BCA68C83,TCGA-VM-A8CF,40x,"(1.0, 4.000078277115385, 16.00173389662892, 32.00580507376405)"
990,TCGA-VM-A8CF-01Z-00-DX7.91F19B77-0929-4068-BFFB-FBA10E4F01DB,TCGA-VM-A8CF,40x,"(1.0, 4.000103596741887, 16.001673614443853, 32.00883184953107)"
991,TCGA-VM-A8CF-01Z-00-DX2.9BB80EF8-5600-4BA5-879D-46B8B6D0776D,TCGA-VM-A8CF,40x,"(1.0, 4.000075578797232, 16.001890086498282, 32.003780172996564)"
992,TCGA-VM-A8CF-01Z-00-DX3.3CED09BD-4062-4573-A075-84461B82F5B4,TCGA-VM-A8CF,40x,"(1.0, 4.000051053401858, 16.00086959639681, 32.003917971800874)"
993,TCGA-VM-A8CH-01Z-00-DX1.5CCB3B5B-AE36-47E0-91F6-0DF95BB43A2D,TCGA-VM-A8CH,40x,"(1.0, 4.000101853403907, 16.002037279099824, 64.03405325237603)"
994,TCGA-VM-A8CH-01Z-00-DX3.B0A4A9A2-14B8-4080-8DF8-B2055EFFFDF8,TCGA-VM-A8CH,40x,"(1.0, 4.0000958874106045, 16.002340912334944, 64.02348007066513)"
995,TCGA-VM-A8CH-01Z-00-DX2.DC834C4C-ADA5-436C-80DD-303E45917C35,TCGA-VM-A8CH,40x,"(1.0, 4.00010605274505, 16.00165557833215, 64.03006146159383)"
996,TCGA-VM-A8CH-01Z-00-DX6.284D2734-21E1-4C09-9578-6BFE42131D43,TCGA-VM-A8CH,40x,"(1.0, 4.000100729738985, 16.00153518735989, 64.02426558752998)"
997,TCGA-VM-A8CH-01Z-00-DX5.992B2EBF-4B11-441E-97DE-9167BDBF797D,TCGA-VM-A8CH,40x,"(1.0, 4.000043030494277, 16.00086068395685, 64.01807568983426)"
998,TCGA-VM-A8CH-01Z-00-DX4.E0A57F2D-B9E0-4423-8920-8A99CFEC4CE9,TCGA-VM-A8CH,40x,"(1.0, 4.000043030494277, 16.001357454945428, 64.02868235947037)"
999,TCGA-VM-A8CH-01Z-00-DX7.8A5184E2-AEAF-4665-A09C-044D2B21EDD5,TCGA-VM-A8CH,40x,"(1.0, 4.0001326457633555, 16.00218194840094, 64.01250893065536)"
1000,TCGA-VV-A829-01Z-00-DX1.C5464B6B-E673-4AFE-A5A1-7923F2C40450,TCGA-VV-A829,40x,"(1.0, 4.000024892960271, 16.0008962358096, 32.004980079681275)"
1001,TCGA-VV-A829-01Z-00-DX3.5ACEDBA9-4972-4E9B-A5BA-4D0CFA28B8CC,TCGA-VV-A829,40x,"(1.0, 4.000048582995952, 16.000971754340505, 32.00194350868101)"
1002,TCGA-VV-A829-01Z-00-DX2.4E2AB800-C97E-4293-886B-28793FFBAB47,TCGA-VV-A829,40x,"(1.0, 4.000050589366115, 16.00200091472245, 32.009578571251154)"
1003,TCGA-VV-A86M-01Z-00-DX1.3D542AC0-4000-40AA-A574-791B8772F956,TCGA-VV-A86M,40x,"(1.0, 4.000082376175241, 16.002235604292565, 64.02776905893808)"
1004,TCGA-W9-A837-01Z-00-DX1.F0E23873-46D1-460F-AA53-930D7934E687,TCGA-W9-A837,40x,"(1.0, 4.000114789400394, 16.001901530855825, 32.00380306171165)"
1005,TCGA-WH-A86K-01Z-00-DX1.6F32811A-D54A-4716-8364-758DC98D9E47,TCGA-WH-A86K,40x,"(1.0, 4.000197337602195, 16.003587330132994)"
1006,TCGA-WY-A858-01Z-00-DX1.4D36E628-9C20-46D9-8617-C6903A1535A9,TCGA-WY-A858,40x,"(1.0, 4.000142297645817, 16.000816353996594, 32.00163270799319)"
1007,TCGA-WY-A859-01Z-00-DX1.650758FF-1BE8-4A56-8A9A-319BA0363D8F,TCGA-WY-A859,40x,"(1.0, 4.000037651547478, 16.00113166044002, 64.03235265471103)"
1008,TCGA-WY-A85A-01Z-00-DX1.CB302B89-F89A-40FD-A7DE-6E12BEFBA2AE,TCGA-WY-A85A,40x,"(1.0, 4.000134401192303, 16.002688408292414, 32.011114207079885)"
1009,TCGA-WY-A85B-01Z-00-DX1.1E4B796A-A1E3-45F9-8075-61DE8FBF0B80,TCGA-WY-A85B,40x,"(1.0, 4.000244606415151, 16.001677039342077)"
1010,TCGA-WY-A85C-01Z-00-DX1.E0A6429A-91B3-4FFE-9FF9-28D956864D24,TCGA-WY-A85C,40x,"(1.0, 4.000344265349748, 16.006218582495706)"
1011,TCGA-WY-A85D-01Z-00-DX1.FB8C252B-7A88-4B14-B3C9-217E3EA76008,TCGA-WY-A85D,40x,"(1.0, 4.000088504799322, 16.002477794601923, 64.04769341373162)"
1012,TCGA-WY-A85E-01Z-00-DX1.AA7A4C1F-99AA-490D-B6D4-280EAB1EFF56,TCGA-WY-A85E,40x,"(1.0, 4.0000528448124015, 16.001791374959325, 32.00358274991865)"
1013,TCGA-E1-A7YD-01Z-00-DX1.4CE57729-1398-4228-A531-25B112EC73F4,TCGA-E1-A7YD,40x,"(1.0, 4.000021255792204, 16.00160030794453, 32.005180446343346)"
1014,TCGA-E1-A7YE-01Z-00-DX1.5F30A757-235B-47FB-9388-CD4608DA06B3,TCGA-E1-A7YE,40x,"(1.0, 4.000046911013089, 16.002123228095442, 32.004246456190884)"
1015,TCGA-E1-A7YH-01Z-00-DX1.A3F73A7D-9411-4A62-AADB-1725476C0E47,TCGA-E1-A7YH,40x,"(1.0, 4.000055755172699, 16.00213351738794, 32.0073197779076)"
1016,TCGA-E1-A7YI-01Z-00-DX1.BC6CCA84-ED9A-4945-9B66-8F2884E0712B,TCGA-E1-A7YI,40x,"(1.0, 4.000021496130696, 16.00057414659259, 32.00780678910819)"
1017,TCGA-E1-A7YJ-01Z-00-DX1.199900DB-6829-49BB-B139-9C344BD4D810,TCGA-E1-A7YJ,40x,"(1.0, 4.000021255792204, 16.001953378864265, 32.00390675772853)"
1018,TCGA-E1-A7YK-01Z-00-DX1.C2402DDF-A57D-4548-9607-5826928453EF,TCGA-E1-A7YK,40x,"(1.0, 4.000021255792204, 16.001105442176872, 64.01347154246314)"
1019,TCGA-E1-A7YL-01Z-00-DX1.EA6413B5-B000-49AA-97CC-8E9A2495EED1,TCGA-E1-A7YL,40x,"(1.0, 4.000023837902265, 16.00142607206656, 64.02999135068697)"
1020,TCGA-E1-A7YM-01Z-00-DX1.4F454CC1-2AA5-40BF-ACBB-AF80B740311A,TCGA-E1-A7YM,40x,"(1.0, 4.000065243861914, 16.001621446924315, 32.00324289384863)"
1021,TCGA-E1-A7YN-01Z-00-DX1.74D8BD5D-F0C9-4BD5-8FEC-E1B57E0FEF5C,TCGA-E1-A7YN,40x,"(1.0, 4.000021255792204, 16.001953378864265, 32.00390675772853)"
1022,TCGA-E1-A7YO-01Z-00-DX1.54EB75BF-B01E-4C24-9ADB-78D85C8F1BDC,TCGA-E1-A7YO,40x,"(1.0, 4.000045466945531, 16.00175735829525, 32.0035147165905)"
1023,TCGA-E1-A7YS-01Z-00-DX1.91926274-81BC-4E06-B13D-5A6966BCD918,TCGA-E1-A7YS,40x,"(1.0, 4.000076227023925, 16.002204987698054, 32.006756338899194)"
1024,TCGA-E1-A7YU-01Z-00-DX1.DEA6CA8D-FF4F-4663-88D9-8D43E2443450,TCGA-E1-A7YU,40x,"(1.0, 4.000052106453501, 16.002031334801387, 64.03730959206936)"
1025,TCGA-E1-A7YV-01Z-00-DX2.3F5FD3A4-1234-40A5-921C-08C92F2E1C57,TCGA-E1-A7YV,40x,"(1.0, 4.000093257985563, 16.001405767502785, 32.00281153500557)"
1026,TCGA-E1-A7YV-01Z-00-DX1.1218FD83-3D09-43CD-A5EF-CA8F6EB74A11,TCGA-E1-A7YV,40x,"(1.0, 4.000027134096706, 16.001715570455136, 32.005866545588404)"
1027,TCGA-E1-A7YW-01Z-00-DX1.E64A0F63-0346-4668-B67D-EF7D0358AC4E,TCGA-E1-A7YW,40x,"(1.0, 4.000055375004732, 16.001514886697137, 32.005213887356746)"
1028,TCGA-E1-A7YY-01Z-00-DX1.B652C843-4122-453A-B67B-68DD0ADE4476,TCGA-E1-A7YY,40x,"(1.0, 4.000051424457472, 16.001523460706974, 32.008319356228284)"
1029,TCGA-E1-A7Z2-01Z-00-DX1.241303FD-1841-4BF1-AB52-803B10647049,TCGA-E1-A7Z2,40x,"(1.0, 4.000048630227402, 16.00149718730177, 32.00574638216615)"
1030,TCGA-E1-A7Z3-01Z-00-DX1.1CB2A0F0-0A5C-4DD1-8CD9-8FDBD0CAEC74,TCGA-E1-A7Z3,40x,"(1.0, 4.000057068939279, 16.0020311603725, 32.00649770225969)"
1031,TCGA-E1-A7Z4-01Z-00-DX2.4DFFB8EE-BE6E-46F0-AC6D-8CC65BDA9441,TCGA-E1-A7Z4,40x,"(1.0, 4.000036246947422, 16.001405274270898, 64.0132989280165)"
1032,TCGA-E1-A7Z4-01Z-00-DX1.5AA456AE-A544-4381-A511-609E58FB95BE,TCGA-E1-A7Z4,40x,"(1.0, 4.000021255792204, 16.00160030794453, 32.005180446343346)"
1033,TCGA-E1-A7Z6-01Z-00-DX1.85795D31-F597-4AE3-8AE0-7394A428936A,TCGA-E1-A7Z6,40x,"(1.0, 4.000092612315291, 16.0021819974768, 32.010293762597286)"
